grid_id,x,y,base_score,lon_wgs84,lat_wgs84,correction_score_citywide,score_source,driver_place,neighbor_confidence,place_confidence,final_score_citywide
5*0*9*3*,197920.393733767,552839.647905448,11.566616,126.97645821356153,37.575100759562794,0.07455510418317034,HYBRID_PROPAGATED,Bukchon Hanok Village,3.4392942250410505e-07,3.648593162528111e-08,11.64117110418317
5*5*4*6*,199025.37650823,554259.484858574,7.0626493,126.9889650721886,37.58789523202459,0.07589336593631696,HYBRID_PROPAGATED,Bukchon Hanok Village,0.0016721459102159214,0.0002825057883208288,7.138542665936317
5*1*6*9*,201685.580131426,553134.803379531,6.139378,127.01908196751498,37.57776089905419,0.08383197276588539,PLACE_PROPAGATED,Changdeokgung Palace & Jongmyo Shrine,0.0,0.00011797561291535783,6.223209972765885
5*5*2*3*,199888.342599648,553595.975081369,6.119045,126.99873588842851,37.581917563503396,0.07572565505128874,HYBRID_PROPAGATED,Bukchon Hanok Village,0.00508525455394821,0.0012694821271641878,6.194770655051289
5*0*8*6*,195693.423475006,554436.881765821,6.1187086,126.9512388422721,37.5894840090288,0.05818808928990375,HYBRID_PROPAGATED,Seochon,0.000873210110850947,5.207247478015136e-05,6.1768966892899035
5*4*8*4*,197082.68969173,552761.442066694,6.0985065,126.96697545699512,37.57439385722254,0.068765399543187,HYBRID_PROPAGATED,Bukchon Hanok Village,0.0024094939539029132,0.0009491312974097318,6.167271899543187
5*6*0*0*,196720.473030363,552982.155003219,6.0736256,126.96287410458957,37.57638125016226,0.06581971500601838,HYBRID_PROPAGATED,Bukchon Hanok Village,0.0026108321467205827,0.0007335598953300933,6.139445315006018
5*5*9*7*,198284.190729871,552613.045695341,6.052611,126.98057703815473,37.573059834998766,0.07780328777092071,HYBRID_PROPAGATED,Bukchon Hanok Village,0.0043802200595419736,0.0022222352193245146,6.13041428777092
5*6*3*3*,197876.252977447,552474.213887431,6.0423656,126.97595958500193,37.57180811731855,0.07646760471642551,HYBRID_PROPAGATED,Bukchon Hanok Village,0.003954252219175125,0.001766461559237197,6.1188332047164256
5*4*1*0*,196035.95258974,553621.486775796,6.047371,126.95512153347717,37.58213889793486,0.0628505197525112,HYBRID_PROPAGATED,Bukchon Hanok Village,0.00153933994183571,0.0004292030515561589,6.110221519752511
5*6*0*6*,196346.569766584,553191.218580588,6.0386453,126.9586402906121,37.57826349351962,0.06543262511598198,HYBRID_PROPAGATED,Bukchon Hanok Village,0.0020373487714143595,0.0005647849470045629,6.104077925115981
5*0*3*5*,199637.294960291,553456.614555995,5.990168,126.99589376131169,37.580661869311776,0.0747114496696233,HYBRID_PROPAGATED,Bukchon Hanok Village,0.008262825478124515,0.002230339185243709,6.064879449669623
5*1*3*5*,197272.031042001,552786.418024983,5.9864154,126.96911874617346,37.574619469401426,0.06922292665396419,HYBRID_PROPAGATED,Bukchon Hanok Village,0.004210120169606081,0.001458780256931708,6.055638326653964
5*3*8*8*,196432.201478528,556598.435036974,6.0548615,126.95959311376906,37.60896256260226,0.0,BASE_ONLY,,0.0,0.0,6.0548615
5*7*2*0*,196236.470792801,553526.807736712,5.990375,126.95739216077402,37.581286687308804,0.06284918517821687,HYBRID_PROPAGATED,Bukchon Hanok Village,0.0021338827223938194,0.0006284209530957562,6.053224185178217
5*6*0*7*,199682.508917021,556252.712338612,5.969456,126.9964044234938,37.605854499370615,0.07916027626206874,PLACE_PROPAGATED,Bukchon Hanok Village,0.0,0.0008695517181176643,6.048616276262069
5*7*3*2*,198287.910745578,552422.622818397,5.965795,126.98061959332797,37.57134414126187,0.0776592285068566,HYBRID_PROPAGATED,Bukchon Hanok Village,0.004244272177013247,0.002308334641371252,6.043454228506857
5*5*9*5*,196824.187292784,553019.929147348,5.9723997,126.96404803837952,37.576721956431584,0.06585718212287058,HYBRID_PROPAGATED,Bukchon Hanok Village,0.0035037414381042325,0.0010375667939421646,6.038256882122871
5*6*8*3*,196743.351555133,552750.814050846,5.9610996,126.96313412851983,37.57429696227051,0.06645333620994015,HYBRID_PROPAGATED,Bukchon Hanok Village,0.0028903846693389373,0.0008550705384040465,6.02755293620994
5*8*6*0*,195834.370565054,554436.350182884,5.95499,126.95283471641827,37.5894798679824,0.0631514117414167,HYBRID_PROPAGATED,Bukchon Hanok Village,0.0013500495803880734,0.000516241266496466,6.018141411741416
5*4*0*5*,196709.293936608,552889.359037714,5.950113,126.96274796815136,37.57554512392018,0.06607709277099036,HYBRID_PROPAGATED,Bukchon Hanok Village,0.0030812904492425065,0.0008930734125367403,6.01619009277099
5*0*2*8*,196215.190841685,556546.311079587,6.011168,126.95713564306384,37.608492064261576,0.0,BASE_ONLY,,0.0,0.0,6.011168
5*6*7*4*,196900.787074555,552640.677844176,5.9278474,126.96491679334429,37.573305184021834,0.06702194539099458,HYBRID_PROPAGATED,Bukchon Hanok Village,0.0032598145837096824,0.0010284715525056415,5.9948693453909945
5*5*3*1*,196661.970285204,552756.128054958,5.9275823,126.96221285326273,37.57434454987136,0.06635475584905742,HYBRID_PROPAGATED,Bukchon Hanok Village,0.002860198906475701,0.0008344849610590706,5.993937055849058
5*4*2*1*,197793.788191576,557292.538078078,5.9854484,126.97501158751294,37.615220626240955,0.0,BASE_ONLY,,0.0,0.0,5.9854484
5*3*0*5*,199924.521109282,553976.249189595,5.908238,126.99914543853058,37.585343811541385,0.07684144168072551,HYBRID_PROPAGATED,Bukchon Hanok Village,0.006434275462544248,0.0016240807332683505,5.985079441680726
5*3*7*2*,195983.828228869,553406.617763619,5.91357,126.95453259154999,37.580202716432815,0.06560454997239556,HYBRID_PROPAGATED,Bukchon Hanok Village,0.0017655584575220877,0.0005366248938392113,5.979174549972395
5*1*8*6*,200073.980518592,553266.193593026,5.8932076,127.00083752543841,37.578946256462785,0.08580065189775721,HYBRID_PROPAGATED,Bukchon Hanok Village,0.003113362873968548,0.0016323859260584453,5.979008251897757
5*5*9*0*,197075.765200987,552934.858364957,5.8924837,126.96689637872183,37.57595630653644,0.06649820949489521,HYBRID_PROPAGATED,Bukchon Hanok Village,0.004835943527231781,0.0015729381634628514,5.958981909494895
5*1*8*9*,199540.489490925,556331.966013695,5.8789034,126.99479600822865,37.60656850699714,0.0785696464,PLACE_PROPAGATED,Bukchon Hanok Village,0.0,0.0018028747362398932,5.9574730464
5*3*2*3*,196651.867463204,552632.175622171,5.881951,126.96209905336563,37.573227708430835,0.06665540586577152,HYBRID_PROPAGATED,Bukchon Hanok Village,0.0028538623598955964,0.0008540575257534682,5.948606405865771
5*6*9*3*,198627.259157474,552840.710724243,5.8459387,126.98446014655838,37.57511166004884,0.07388025105457524,HYBRID_PROPAGATED,Bukchon Hanok Village,0.01798383757624171,0.004327684859008729,5.919818951054575
5*5*2*6*,198086.329322955,552169.450005834,5.8422,126.97833840463954,37.5690626694116,0.07702111155083351,HYBRID_PROPAGATED,Gwanghwamun & Deoksugung Palace,0.0041612543655174085,0.002392350445275174,5.919221111550834
5*6*7*8*,199136.794325195,556946.284551711,5.913673,126.99022340507256,37.61210316166824,0.0,BASE_ONLY,,0.0,0.0,5.913673
5*9*5*4*,198788.941849815,556863.310272853,5.909955,126.98628379456113,37.611355180387754,0.0,BASE_ONLY,,0.0,0.0,5.909955
5*0*2*7*,199824.527161446,553140.159061341,5.813141,126.99801352116843,37.577810678979056,0.08472326998793539,HYBRID_PROPAGATED,Bukchon Hanok Village,0.0044101116254083965,0.002490302762887047,5.897864269987935
5*7*6*2*,196745.478976668,557055.851538197,5.8834667,126.96313908440418,37.613084996212116,0.0,BASE_ONLY,,0.0,0.0,5.8834667
5*4*6*0*,198578.856860398,552301.374796691,5.790155,126.98391326278231,37.57025219705557,0.08323172854522556,HYBRID_PROPAGATED,Bukchon Hanok Village,0.0034427688724775578,0.0029358555547455,5.873386728545226
5*1*2*8*,197788.495001807,552214.133505729,5.7945466,126.97496696568429,37.56946459899748,0.07315024680107325,HYBRID_PROPAGATED,Gwanghwamun & Deoksugung Palace,0.004016966885557703,0.0022896997410168166,5.867696846801073
5*9*6*8*,196736.4182501,552616.234009538,5.796049,126.96305624122078,37.5730843787402,0.06685175664806121,HYBRID_PROPAGATED,Bukchon Hanok Village,0.0035390496918113103,0.00110541277224518,5.862900756648061
5*8*1*1*,196284.854473866,552986.98063548,5.7943387,126.9579426600385,37.576423074927796,0.06582734499941247,HYBRID_PROPAGATED,Bukchon Hanok Village,0.002781251937536733,0.000821364573857903,5.860166044999413
5*8*2*0*,199280.407550161,552661.979772545,5.7745376,126.99185416488847,37.573502045308274,0.08052878161116649,HYBRID_PROPAGATED,Bukchon Hanok Village,0.00522297599180199,0.00331524832330186,5.8550663816111665
5*5*5*3*,197068.323177445,552495.468780462,5.7841797,126.9668138885676,37.571997406194214,0.06957754317252086,HYBRID_PROPAGATED,Bukchon Hanok Village,0.0034853013545628943,0.0014981472412982665,5.853757243172521
5*2*9*8*,195998.189247864,553815.627867877,5.7875485,126.95469294060275,37.58388793255055,0.06360494532640434,HYBRID_PROPAGATED,Bukchon Hanok Village,0.0022840380681205487,0.000793783953881552,5.851153445326404
5*9*4*7*,195958.29622429,553244.935388802,5.777088,126.95424443318848,37.578745856765735,0.06581404469852489,HYBRID_PROPAGATED,Bukchon Hanok Village,0.002153003418707438,0.0006827938668990662,5.8429020446985245
5*8*5*6*,198023.04515344,557586.666762563,5.8379908,126.97760744607709,37.61787121233599,0.0,BASE_ONLY,,0.0,0.0,5.8379908
5*2*4*9*,196980.023977906,556750.02065915,5.833217,126.96579681778698,37.61033029387331,0.0,BASE_ONLY,,0.0,0.0,5.833217
5*9*7*1*,196298.700468381,552694.44058758,5.7648597,126.9581008805111,37.5737873612284,0.0663549587377452,HYBRID_PROPAGATED,Bukchon Hanok Village,0.0026230274796400052,0.0008129459523816612,5.8312146587377445
5*3*1*4*,197545.398546237,552841.729233148,5.7393694,126.97221314545632,37.575118589336405,0.07014778392731129,HYBRID_PROPAGATED,Bukchon Hanok Village,0.008396794712631717,0.0031804108545966598,5.809517183927311
5*6*8*0*,196387.524410147,552803.999218572,5.7319717,126.9591058373257,37.57477483109238,0.06621623458677928,HYBRID_PROPAGATED,Bukchon Hanok Village,0.0031993701261170764,0.0010012222345913257,5.798187934586779
5*7*2*8*,197368.303286231,557749.423141723,5.7925262,126.97019073729001,37.61933598723966,0.0,BASE_ONLY,,0.0,0.0,5.7925262
5*8*4*8*,199273.497727746,552505.081367129,5.69906,126.991776100682,37.57208839312568,0.08050351872894967,HYBRID_PROPAGATED,Bukchon Hanok Village,0.005252387295759731,0.0034054168472412187,5.77956351872895
5*6*6*7*,196230.61916606,552285.915690454,5.7098355,126.95733229276365,37.57010629681343,0.06708039280605639,HYBRID_PROPAGATED,Bukchon Hanok Village,0.0021327039719235817,0.0007128102537895182,5.776915892806056
5*8*8*0*,196588.022627728,552616.765395505,5.7011075,126.9613764000371,37.57308862885788,0.06668954692595004,HYBRID_PROPAGATED,Bukchon Hanok Village,0.003683718489264146,0.0011333233665769132,5.76779704692595
5*2*9*3*,198390.561351747,557351.04511907,5.7510543,126.9817707432303,37.615749005610525,0.0,BASE_ONLY,,0.0,0.0,5.7510543
5*3*4*3*,200492.02643723,556005.919111755,5.6705046,127.0055720180247,37.60363084006207,0.07934629953870272,PLACE_PROPAGATED,Bukchon Hanok Village,0.0,0.0013080196713689423,5.7498508995387025
5*6*6*1*,197917.204091617,557484.014020478,5.7460113,126.97640889882331,37.616946089778835,0.0,BASE_ONLY,,0.0,0.0,5.7460113
5*1*1*1*,198667.68773668,557448.9109387,5.7138686,126.98490942829862,37.61663120834518,0.0,BASE_ONLY,,0.0,0.0,5.7138686
5*1*7*0*,197920.925321758,557801.015704275,5.7097516,126.97645014706356,37.61980224513598,0.0,BASE_ONLY,,0.0,0.0,5.7097516
5*4*5*8*,197482.116767567,556896.287867961,5.6945863,126.97148283955356,37.61164965647629,0.0,BASE_ONLY,,0.0,0.0,5.6945863
5*4*0*0*,195933.815627868,555397.450695713,5.626757,126.95395534641386,37.598139746300554,0.05999164278031291,HYBRID_PROPAGATED,Seochon,0.0017281569758470956,5.0279673173539506e-05,5.686748642780312
5*9*9*2*,199320.83676987,552915.152520407,5.6013503,126.99231159187002,37.57578314904146,0.06982158775936406,HYBRID_PROPAGATED,Bukchon Hanok Village,0.017932052141774363,0.005368269341051873,5.671171887759364
5*6*8*9*,200528.737488714,553925.72066801,5.585063,127.00598625560362,37.584888404346856,0.07670519164837361,HYBRID_PROPAGATED,Bukchon Hanok Village,0.006175865320922978,0.0018903794188813593,5.661768191648373
5*8*2*2*,197834.236241637,552113.077102476,5.5848174,126.97548503002723,37.56855419401647,0.07653238003447664,HYBRID_PROPAGATED,Gwanghwamun & Deoksugung Palace,0.006027632684721976,0.0033004758266052597,5.661349780034477
5*0*3*9*,197209.275027835,552986.98063548,5.588344,126.96840756993754,37.5764263393887,0.06677091982040073,HYBRID_PROPAGATED,Bukchon Hanok Village,0.00951084420353281,0.0034394360666646605,5.6551149198204005
5*2*9*4*,197916.672465565,552091.823920392,5.574264,126.97641821220539,37.56836289386198,0.07669529918466415,HYBRID_PROPAGATED,Gwanghwamun & Deoksugung Palace,0.006092242125323454,0.003480310833253751,5.650959299184665
5*4*5*6*,199439.432841897,553476.279257857,5.5665746,126.99365371927338,37.58083894787678,0.07423243186919183,HYBRID_PROPAGATED,Bukchon Hanok Village,0.020939208297896274,0.00625774671963874,5.640807031869192
5*2*5*1*,200387.781218579,556186.230583085,5.6389956,127.00439157485935,37.60525547848118,0.0,BASE_ONLY,,0.0,0.0,5.6389956
5*2*8*1*,198491.086370931,557840.905309821,5.6359863,126.98290832641175,37.62016275773101,0.0,BASE_ONLY,,0.0,0.0,5.6359863
5*3*0*3*,197088.00917494,557441.99610316,5.619278,126.96701706631004,37.61656526199623,0.0,BASE_ONLY,,0.0,0.0,5.619278
5*9*2*2*,198442.708324578,557831.33016311,5.6164737,126.98236036198891,37.620076406193185,0.0,BASE_ONLY,,0.0,0.0,5.6164737
5*4*3*7*,196427.403534198,556198.993161623,5.548395,126.9595407243839,37.605363614603554,0.057115529666666665,PLACE_PROPAGATED,Seochon,0.0,2.983134224608304e-05,5.605510529666667
5*6*1*6*,197666.157098939,557734.528750293,5.6016307,126.97356457844248,37.61920259462722,0.0,BASE_ONLY,,0.0,0.0,5.6016307
5*3*9*5*,197182.683040333,553024.712020292,5.5325837,126.9681063901238,37.576766216057095,0.06657362523777129,HYBRID_PROPAGATED,Bukchon Hanok Village,0.010496112535189705,0.0038258409111004087,5.599157325237771
5*7*7*0*,199432.524218383,552528.993249763,5.5123215,126.99357623874845,37.57230394968847,0.08036690313708536,HYBRID_PROPAGATED,Bukchon Hanok Village,0.006873180453610429,0.004452055909240009,5.592688403137085
5*1*3*9*,196210.937527513,552598.698315522,5.5086584,126.95710788932294,37.572924371689965,0.06659232037298117,HYBRID_PROPAGATED,Bukchon Hanok Village,0.0036141179653078285,0.0011853442271483486,5.575250720372981
5*5*3*8*,198366.111899865,557138.825002417,5.555131,126.9814942911397,37.613836883626185,0.0,BASE_ONLY,,0.0,0.0,5.555131
5*6*7*6*,196528.991272448,557597.83721447,5.5265174,126.96068456022967,37.6179674320644,0.0,BASE_ONLY,,0.0,0.0,5.5265174
5*0*1*3*,200643.611678111,555856.992238415,5.436264,127.00728853407593,37.60228892974698,0.07940247038841829,PLACE_PROPAGATED,Bukchon Hanok Village,0.0,0.002147048635375,5.515666470388418
5*5*8*1*,199836.219948046,557334.024346569,5.5107284,126.9981449541049,37.61559704382467,0.0,BASE_ONLY,,0.0,0.0,5.5107284
5*3*4*4*,199575.605475616,557185.098435393,5.4870324,126.99519320476611,37.614255155111024,0.0,BASE_ONLY,,0.0,0.0,5.4870324
5*8*3*1*,197507.128366121,557633.4717632,5.472001,126.9717636056754,37.618291666170485,0.0,BASE_ONLY,,0.0,0.0,5.472001
5*3*8*4*,200172.911397575,553000.797717783,5.37565,127.00195744860662,37.57655504167475,0.08467622531586176,HYBRID_PROPAGATED,Bukchon Hanok Village,0.006577719615711799,0.0038306822325050276,5.460326225315862
5*2*2*9*,197029.489145711,557556.351271313,5.4553123,126.96635376961515,37.61759540128134,0.0,BASE_ONLY,,0.0,0.0,5.4553123
5*3*1*2*,199830.373883769,553818.81696754,5.373035,126.99807955321921,37.58392534542957,0.0766421392979365,HYBRID_PROPAGATED,Bukchon Hanok Village,0.019462284364196555,0.005592257016109629,5.449677139297936
5*3*0*9*,196002.97537353,554838.449360089,5.268019,126.95474154773824,37.59310349629368,0.0643816437784361,HYBRID_PROPAGATED,Bukchon Hanok Village,0.004184827007755638,0.0020411249514763904,5.332400643778436
5*5*9*4*,196887.47101458,552098.731191242,5.240146,126.96476835524675,37.5684222262553,0.070258548696647,HYBRID_PROPAGATED,Bukchon Hanok Village,0.005788944581078225,0.002921331871857678,5.310404548696647
5*1*8*4*,199477.737714918,552252.440748536,5.171401,126.9940882473324,37.56981225152279,0.08030875656377343,HYBRID_PROPAGATED,Bukchon Hanok Village,0.009587488365467123,0.006614559246593996,5.251709756563773
5*1*7*7*,200986.683130269,553963.49239013,5.116548,127.01117107146047,37.58522834815196,0.08804184056629988,HYBRID_PROPAGATED,Bukchon Hanok Village,0.006205636728366213,0.0037391185590314874,5.2045898405663
5*4*7*5*,197499.151863904,556909.052307649,5.1807504,126.97167573281081,37.6117647091291,0.0,BASE_ONLY,,0.0,0.0,5.1807504
5*3*1*6*,199895.250454428,552440.206315216,5.0835233,126.99881425974736,37.57150415254961,0.08274664342510732,HYBRID_PROPAGATED,Bukchon Hanok Village,0.010151790870074196,0.006583668424982169,5.166269943425108
5*2*0*4*,200380.87236385,556753.743505763,5.144593,127.00431362820862,37.61036871394768,0.0,BASE_ONLY,,0.0,0.0,5.144593
5*5*4*0*,197707.646996568,556805.867630187,5.1390424,126.9740374433937,37.61083556966583,0.0,BASE_ONLY,,0.0,0.0,5.1390424
5*3*0*4*,199119.254373336,553353.432175742,5.037976,126.99002906940278,37.57973185271724,0.07208665007287805,HYBRID_PROPAGATED,Bukchon Hanok Village,0.07043197207729848,0.022667680663988193,5.110062650072877
5*2*2*7*,197144.893613395,556640.454393458,5.1010613,126.96766450018265,37.609343640080475,0.0,BASE_ONLY,,0.0,0.0,5.1010613
5*4*3*8*,199121.912322467,556481.423821673,5.0178504,126.99005541045167,37.607914802228166,0.0785696464,PLACE_PROPAGATED,Bukchon Hanok Village,0.0,0.00964574409254771,5.0964200464000005
5*5*5*9*,196933.763649267,553131.61472276,5.0141053,126.96528803618787,37.577728608195585,0.06607688618927926,HYBRID_PROPAGATED,Bukchon Hanok Village,0.02224976689629687,0.008480904506031214,5.080182186189279
5*6*9*7*,198418.766819043,556758.530028315,5.079493,126.98209149180713,37.610410560029216,0.0,BASE_ONLY,,0.0,0.0,5.079493
5*6*1*5*,195890.750198296,557207.969421602,5.065985,126.95345751941382,37.614452139863026,0.0,BASE_ONLY,,0.0,0.0,5.065985
5*1*9*2*,197749.13550534,557997.810804345,5.047365,126.9745036640869,37.621574940148,0.0,BASE_ONLY,,0.0,0.0,5.047365
5*3*3*1*,200593.083264328,556692.578331063,5.0382295,127.00671700564328,37.60981750995845,0.0,BASE_ONLY,,0.0,0.0,5.0382295
5*8*0*1*,197993.243873898,558034.508126463,5.0118165,126.97726866477952,37.62190614346072,0.0,BASE_ONLY,,0.0,0.0,5.0118165
5*3*6*3*,196662.501958309,557792.50452563,5.0067887,126.96219592141007,37.61972185482715,0.0,BASE_ONLY,,0.0,0.0,5.0067887
5*1*0*6*,199673.473169824,552146.07123267,4.9173083,126.99630392394015,37.56885395710895,0.08021195725565117,HYBRID_PROPAGATED,Bukchon Hanok Village,0.012176068424128994,0.008618436396800648,4.997520257255651
5*5*4*4*,197938.464674695,558095.144294857,4.991654,126.97664798787524,37.62245234650862,0.0,BASE_ONLY,,0.0,0.0,4.991654
5*5*2*4*,199237.850961651,556290.478021048,4.8895516,126.9913686468864,37.606194503497804,0.07353942286670022,HYBRID_PROPAGATED,Bukchon Hanok Village,0.02438798879150632,0.015009232773508886,4.9630910228667
5*6*7*3*,196283.791580214,555747.95929827,4.899084,126.95791662391974,37.60129927549527,0.05999435139396541,HYBRID_PROPAGATED,Seochon,0.005645948592983725,0.00016868426136131486,4.959078351393965
5*1*6*6*,199085.203137681,556406.956969054,4.8542833,126.98963976169156,37.60724382782633,0.07344378674097532,HYBRID_PROPAGATED,Bukchon Hanok Village,0.02501488143266395,0.014641093382171035,4.927727086740975
5*8*5*2*,199335.719085756,556184.635263814,4.8377423,126.99247710138131,37.605240946753874,0.07274591272626461,HYBRID_PROPAGATED,Bukchon Hanok Village,0.027917108042833292,0.010109951036261137,4.910488212726265
5*4*3*0*,200382.9982632,552666.762292443,4.8181996,127.00433556870792,37.57354533699187,0.08368488368079062,HYBRID_PROPAGATED,Bukchon Hanok Village,0.012443988762047544,0.00913913842546794,4.90188448368079
5*7*2*5*,195798.203085536,557261.689459632,4.8887224,126.95240899751525,37.61493573303426,0.0,BASE_ONLY,,0.0,0.0,4.8887224
5*3*4*1*,200440.966644176,557010.109663042,4.840327,127.00499438963435,37.61267851814024,0.0,BASE_ONLY,,0.0,0.0,4.840327
5*3*8*5*,197740.07185499,558147.268912474,4.838576,126.97440053518103,37.62292151654178,0.0,BASE_ONLY,,0.0,0.0,4.838576
5*6*3*2*,199120.849159127,558039.295896504,4.830644,126.9900414981456,37.62195104989961,0.0,BASE_ONLY,,0.0,0.0,4.830644
5*6*2*8*,200289.381389075,552505.081367129,4.746697,127.00327575495442,37.57208863412424,0.08321460816178335,HYBRID_PROPAGATED,Bukchon Hanok Village,0.014027249672795181,0.010593194010508438,4.829911608161783
5*7*2*7*,198484.454557663,553390.652834812,4.702069,126.98284241722318,37.58006638279143,0.059265547,DIRECT_LIVE,,1.0,1.0,4.761334547
5*7*2*9*,196348.697055245,557796.228163904,4.7427373,126.95864141309765,37.619754212078284,0.0,BASE_ONLY,,0.0,0.0,4.7427373
5*2*0*9*,196847.067762307,558187.157766562,4.7325125,126.9642848100495,37.623278281882186,0.0,BASE_ONLY,,0.0,0.0,4.7325125
5*2*6*7*,199639.42059394,557804.207401268,4.691919,126.99591568515405,37.61983328117075,0.0,BASE_ONLY,,0.0,0.0,4.691919
5*5*9*6*,197309.622800473,554820.7082165073,4.6220994,126.96953682588503,37.59294839588142,0.06931444058615466,HYBRID_PROPAGATED,Bukchon Hanok Village,0.04529333176153064,0.011724361969022134,4.691413840586154
5*5*9*8*,196191.79330771,557751.550916763,4.6772876,126.95686438540052,37.619351039340636,0.0,BASE_ONLY,,0.0,0.0,4.6772876
5*4*0*9*,201538.245766726,556937.774862494,4.6564717,127.01742202413799,37.61202560926918,0.0,BASE_ONLY,,0.0,0.0,4.6564717
5*5*3*5*,198536.300561648,553118.860123622,4.567492,126.98342991167705,37.57761763054699,0.07689181962582095,HYBRID_PROPAGATED,Bukchon Hanok Village,0.17821487776063494,0.07009472994510488,4.644383819625821
5*2*5*6*,200140.453140507,557547.840515396,4.638868,127.00159087593856,37.617523506331764,0.0,BASE_ONLY,,0.0,0.0,4.638868
5*5*4*2*,200033.550650365,557601.028778276,4.6318874,127.00038002186902,37.618002736367465,0.0,BASE_ONLY,,0.0,0.0,4.6318874
5*5*9*3*,197884.03957080469,554799.616310178,4.560126,126.97604101437113,37.59275985898767,0.0709248673357,HYBRID_PROPAGATED,Bukchon Hanok Village,0.07209205851636766,0.020149083518447002,4.6310508673357
5*5*7*6*,197460.67594542736,554004.27670984,4.5577254,126.9712500318929,37.585592839454904,0.0681325943738272,HYBRID_PROPAGATED,Bukchon Hanok Village,0.0836093296907288,0.029612820082522244,4.625857994373827
5*1*6*7*,196991.207274677,558246.198302691,4.544855,126.96591732324181,37.62381071236949,0.0,BASE_ONLY,,0.0,0.0,4.544855
5*7*8*7*,196826.313453205,553447.047982138,4.408527,126.9640702585464,37.580570278484664,0.06325218337031681,HYBRID_PROPAGATED,Bukchon Hanok Village,0.0663473263621161,0.025801466725377344,4.471779183370317
5*7*6*0*,197490.088211552,553197.595957451,4.399361,126.97158579695162,37.57832477912552,0.06952950918684841,HYBRID_PROPAGATED,Bukchon Hanok Village,0.10023087449377725,0.054559403024204055,4.468890509186848
5*2*7*8*,199371.365270923,558291.938963269,4.4655013,126.99287897965336,37.62422753717478,0.0,BASE_ONLY,,0.0,0.0,4.4655013
5*2*8*9*,200740.417573299,553008.237706395,4.3689814,127.00838192658209,37.57662179421242,0.0846503017378905,HYBRID_PROPAGATED,Bukchon Hanok Village,0.02206287370582712,0.01724352767969656,4.453631701737891
5*3*9*2*,201236.137245061,553040.654975525,4.367599,127.01399379537541,37.57691334013341,0.08516201695958453,HYBRID_PROPAGATED,Bukchon Hanok Village,0.014631827803425678,0.012513363574101368,4.452761016959585
5*2*9*1*,199739.414502593,554424.095789434,4.3624477,126.99704952809185,37.5893788432096,0.08061032335185574,HYBRID_PROPAGATED,Bukchon Hanok Village,0.0732866889673061,0.032247446855123846,4.443058023351855
5*5*1*6*,201441.439836151,553251.844291814,4.352083,127.0163183557494,37.578815845192125,0.08592736151178691,HYBRID_PROPAGATED,Bukchon Hanok Village,0.018848846999732934,0.010564403351187248,4.438010361511787
5*1*4*6*,201193.579648361,556560.670049863,4.4310865,127.01351775385928,37.608628447283145,0.0,BASE_ONLY,,0.0,0.0,4.4310865
5*2*8*6*,197681.5795519663,555062.0004914133,4.319822,126.97374773261642,37.59512343097932,0.07071112877099067,HYBRID_PROPAGATED,Bukchon Hanok Village,0.07890820749066378,0.022159947320953822,4.390533128770991
5*2*4*5*,201280.288281156,552828.44397224,4.2941318,127.0144932402938,37.57500127040402,0.08480359075624296,HYBRID_PROPAGATED,Bukchon Hanok Village,0.015006128920451353,0.012978416349794719,4.378935390756243
5*3*9*0*,197735.1892013934,553890.9511626634,4.298562,126.9743583929248,37.58457250025844,0.07110546006610574,HYBRID_PROPAGATED,Bukchon Hanok Village,0.14870927850902801,0.06907772945884563,4.369667460066106
5*3*3*2*,200889.877412559,557287.219144808,4.3642077,127.01007909136563,37.615174918504245,0.0,BASE_ONLY,,0.0,0.0,4.3642077
5*7*4*5*,198278.875959436,558647.235836382,4.360329,126.9805026924471,37.62742731938673,0.0,BASE_ONLY,,0.0,0.0,4.360329
5*6*8*2*,199776.124821345,555086.305770824,4.280608,126.99746497726122,37.595345311797026,0.07967340546779984,HYBRID_PROPAGATED,Bukchon Hanok Village,0.04838015780032545,0.02666560641219939,4.360281405467799
5*2*4*4*,196687.484460307,558502.566012148,4.3503942,126.96247568433508,37.626119507723885,0.0,BASE_ONLY,,0.0,0.0,4.3503942
5*8*3*3*,199044.239948093,558593.514896242,4.342017,126.98917299000922,37.62694441499936,0.0,BASE_ONLY,,0.0,0.0,4.342017
5*7*0*2*,197440.113638654,558704.149140247,4.3172755,126.97100079262306,37.6279381479433,0.0,BASE_ONLY,,0.0,0.0,4.3172755
5*2*0*2*,197987.0444445233,555570.4859431171,4.244032,126.97720521819072,37.59970555855538,0.07165362396313693,HYBRID_PROPAGATED,Bukchon Hanok Village,0.057398351371160145,0.021772228355684004,4.3156856239631365
5*5*1*9*,199099.39022948896,555304.1916821207,4.2141085,126.98980178943646,37.597308031731046,0.08121631221512521,HYBRID_PROPAGATED,Bukchon Hanok Village,0.07212694239018133,0.028865406153230473,4.295324812215125
5*5*7*7*,197403.58163856968,554095.4105194187,4.215927,126.97060329314593,37.58641378935235,0.06822800792688063,HYBRID_PROPAGATED,Bukchon Hanok Village,0.14540029595414153,0.05199156499228387,4.284155007926881
5*4*2*8*,196524.207537919,556003.260341442,4.2209187,126.96063794845116,37.603600452347315,0.057115529666666665,PLACE_PROPAGATED,Seochon,0.0,0.0006602709867552779,4.278034229666667
5*2*7*0*,195930.107808675,552294.467238079,4.1841817,126.95393059195123,37.57018206741573,0.06601829753031727,HYBRID_PROPAGATED,Gwanghwamun & Deoksugung Palace,0.024495110755741706,0.007448132120316633,4.250199997530317
5*2*2*6*,198263.09559950035,554950.6669778776,4.1505637,126.98033270122288,37.594121606277,0.07562030559243023,HYBRID_PROPAGATED,Bukchon Hanok Village,0.15188429373967813,0.045710493130418056,4.2261840055924305
5*2*9*0*,197786.9982669976,554733.0223622102,4.152464,126.97494241852954,37.592159624757734,0.07089302354883704,HYBRID_PROPAGATED,Bukchon Hanok Village,0.14956570934929178,0.0459467530390679,4.223357023548838
5*7*0*3*,199391.030084457,558648.831960144,4.2160735,126.9931014406764,37.62744310943847,0.0,BASE_ONLY,,0.0,0.0,4.2160735
5*0*8*7*,198185.5350845515,554473.7081495282,4.142178,126.97945565015206,37.58982409579174,0.070443645,DIRECT_LIVE,,1.0,1.0,4.2126216450000005
5*3*9*1*,197059.4180793775,554542.0514312965,4.12179,126.96670487368392,37.590436955492635,0.06822849378678754,HYBRID_PROPAGATED,Bukchon Hanok Village,0.10589751797245532,0.032311113540460575,4.190018493786788
5*3*6*9*,196861.42149745967,555333.2637328113,4.114263,126.96445964156611,37.5975650579827,0.06952542722312231,HYBRID_PROPAGATED,Bukchon Hanok Village,0.05854119404099365,0.025068265226419428,4.1837884272231225
5*1*2*9*,201890.351592007,552976.840743875,4.081995,127.02139971883571,37.57633726726607,0.08384093944900006,PLACE_PROPAGATED,Changdeokgung Palace & Jongmyo Shrine,0.0,0.00823515944154972,4.165835939449
5*5*9*9*,197237.458745096,554532.8681944745,4.0724044,126.96872079692713,37.59035476667398,0.06880733092347126,HYBRID_PROPAGATED,Bukchon Hanok Village,0.12441701861622674,0.042245376452432426,4.141211730923471
5*5*4*1*,197726.520434499,555161.8211120691,4.0378757,126.97425630371012,37.596022918289876,0.0709865588302231,HYBRID_PROPAGATED,Bukchon Hanok Village,0.0962287846518493,0.03610043100326099,4.108862258830223
5*9*5*1*,196961.676975452,553260.858847876,4.0340586,126.96560349905921,37.578893182483995,0.06624674152960522,HYBRID_PROPAGATED,Bukchon Hanok Village,0.1353738573505577,0.06529276903143894,4.100305341529605
5*5*2*8*,196438.58305127063,555100.8254067673,4.031216,126.95967267212883,37.595469270349305,0.06781981418317323,HYBRID_PROPAGATED,Bukchon Hanok Village,0.056156396608880776,0.024212518956903996,4.099035814183173
5*9*7*4*,201491.436983876,557397.318512423,4.0964856,127.01689280896346,37.616166122386076,0.0,BASE_ONLY,,0.0,0.0,4.0964856
5*5*2*9*,198919.798450913,553374.159395288,4.0109158,126.98777099628441,37.57991839137506,0.08456889981595664,HYBRID_PROPAGATED,Bukchon Hanok Village,0.2243989178642918,0.20432905581700764,4.095484699815957
5*4*5*9*,198017.5519836993,555001.0162360574,4.015579,126.97755222809084,37.59457475284546,0.07153080078361995,HYBRID_PROPAGATED,Bukchon Hanok Village,0.12121443034472051,0.05173229659146614,4.08710980078362
5*3*1*0*,197800.727649603,553050.794450944,4.0044336,126.97510292319237,37.57700290021138,0.07144008366518029,HYBRID_PROPAGATED,Bukchon Hanok Village,0.2500301995299006,0.14662350045564057,4.07587368366518
5*4*6*2*,198389.33361520767,553399.159497559,3.9349127,126.98176552856424,37.580142865866335,0.11171444,DIRECT_LIVE,,1.0,1.0,4.04662714
5*1*5*3*,197506.5957194004,555782.1748308863,3.9613523,126.97176387911658,37.60161167939705,0.07048952464281483,HYBRID_PROPAGATED,Bukchon Hanok Village,0.0702719530779823,0.03459005289588713,4.031841824642815
5*2*7*3*,198487.24485566924,555905.3966182405,3.958821,126.98286881364557,37.60272403031618,0.07217255943599507,HYBRID_PROPAGATED,Bukchon Hanok Village,0.13691198767217927,0.03543428548266309,4.030993559435995
5*1*2*0*,197108.2054014433,555324.931080934,3.9585626,126.96725418383764,37.59749078993549,0.07085463363139388,HYBRID_PROPAGATED,Bukchon Hanok Village,0.06280524937137841,0.04197177650473684,4.029417233631394
5*7*4*2*,196864.083486021,553491.160724296,3.9631114,126.96449766947558,37.580967860842264,0.06356470192534747,HYBRID_PROPAGATED,Bukchon Hanok Village,0.15280143139267535,0.06593800669592137,4.026676101925347
5*4*1*4*,198717.419395487,555140.0122303155,3.9336457,126.98547676422146,37.595828336129145,0.08262686334261117,HYBRID_PROPAGATED,Bukchon Hanok Village,0.10415982292641757,0.059719389670133204,4.0162725633426115
5*6*5*1*,201940.348788522,557209.565077038,4.0064716,127.02197692478613,37.6144736482735,0.0,BASE_ONLY,,0.0,0.0,4.0064716
5*3*7*3*,198916.86935469048,556175.583584311,3.9166937,126.98773369381621,37.6051589943409,0.07356097490051275,HYBRID_PROPAGATED,Bukchon Hanok Village,0.08162959804442006,0.04666272378562359,3.990254674900513
5*5*3*4*,198214.792420872,554939.7596315176,3.9111364,126.97978578176037,37.59402323958982,0.07705701304086278,HYBRID_PROPAGATED,Bukchon Hanok Village,0.15170206946215395,0.07359629836612347,3.988193413040863
5*5*8*8*,196741.224046619,556156.973001726,3.9270782,126.96309489469768,37.604986182096546,0.057115529666666665,PLACE_PROPAGATED,Seochon,0.0,0.0009678078913733907,3.9841937296666665
5*4*1*3*,197953.90821338104,554187.1493899005,3.8900816,126.97683384626453,37.58724173722706,0.07733617844700537,HYBRID_PROPAGATED,Bukchon Hanok Village,0.2638071224260088,0.1463242117058958,3.9674177784470053
5*2*7*1*,196737.76291496,553480.01827436,3.883213,126.96306761918716,37.580867029316764,0.0634968818688865,HYBRID_PROPAGATED,Bukchon Hanok Village,0.154658027833252,0.0638844778939006,3.9467098818688866
5*7*4*1*,197113.7932971285,554537.65612655,3.8614404,126.96732056147518,37.59039752620405,0.06770310237076657,HYBRID_PROPAGATED,Bukchon Hanok Village,0.1298631859515522,0.05270506755837445,3.9291435023707666
5*5*4*5*,196785.883457255,556203.779139803,3.8689032,126.9636004496423,37.60540805771982,0.057115529666666665,PLACE_PROPAGATED,Seochon,0.0,0.001005150400283195,3.9260187296666667
5*3*6*0*,196787.2228586285,555353.8317946695,3.8522701,126.96361934748951,37.59775011837672,0.06826671161288067,HYBRID_PROPAGATED,Bukchon Hanok Village,0.07613265440618837,0.03382014305345355,3.9205368116128807
5*4*3*3*,196362.7827920545,554314.5229802586,3.8527932,126.95881826004711,37.58838445334225,0.06674390388352164,HYBRID_PROPAGATED,Bukchon Hanok Village,0.0832769248528487,0.03605281062126209,3.9195371038835214
5*3*3*8*,197388.5178902904,554553.8849590867,3.8444018,126.97043110699873,37.590544566936806,0.06876553566840628,HYBRID_PROPAGATED,Bukchon Hanok Village,0.15210766733185552,0.06509539946743269,3.9131673356684065
5*2*0*3*,197436.1063030415,554604.675509017,3.8246908,126.97096975604035,37.591002319543264,0.06884859899175659,HYBRID_PROPAGATED,Bukchon Hanok Village,0.15094384130897706,0.0635714796924249,3.8935393989917566
5*9*4*9*,198794.274150476,555270.5040929763,3.8062677,126.98634681026111,37.59700416040085,0.08335969659533156,HYBRID_PROPAGATED,Bukchon Hanok Village,0.08442927238085168,0.05343528613592836,3.889627396595331
5*7*7*3*,198110.0117258235,554530.748366124,3.807604,126.97860038688333,37.590337871808984,0.07596269585558311,HYBRID_PROPAGATED,Bukchon Hanok Village,0.22914216444006644,0.10482939117814008,3.883566695855583
5*2*6*3*,197550.21176664231,554548.3808390837,3.8099952,126.97226192806552,37.59049541968281,0.06909872360212817,HYBRID_PROPAGATED,Bukchon Hanok Village,0.16609077399736583,0.07230691709475708,3.8790939236021282
5*9*5*5*,198840.0237955265,554927.7965192465,3.793925,126.98686540490253,37.593916453085136,0.08379024550575462,HYBRID_PROPAGATED,Bukchon Hanok Village,0.11604903710684122,0.07263950120073373,3.8777152455057546
5*4*4*8*,197971.28295274463,554415.055076496,3.7768471,126.97702993460072,37.58929518893036,0.07109012373071763,HYBRID_PROPAGATED,Bukchon Hanok Village,0.20857165901313923,0.1071836841931993,3.8479372237307174
5*2*6*8*,198354.946368084,553178.423084609,3.7632232,126.98137672341623,37.57815398331624,0.08345970428024599,HYBRID_PROPAGATED,Bukchon Hanok Village,0.34940604650689516,0.26228125540909347,3.846682904280246
5*3*8*9*,198015.5853965865,556505.6143349386,3.75169,126.97752588237566,37.60813103531665,0.07508962235019521,HYBRID_PROPAGATED,Bukchon Hanok Village,0.04925151886831295,0.06575283327071585,3.826779622350195
5*7*8*0*,197118.8470906925,554622.7445298635,3.75901,126.96737744905761,37.591164181818364,0.06692899754825199,HYBRID_PROPAGATED,Bukchon Hanok Village,0.13464443262249212,0.04602242602985458,3.825938997548252
5*2*4*3*,198365.829336288,555597.4350222445,3.7485585,126.98149453169283,37.59994911776719,0.07599744635864555,HYBRID_PROPAGATED,Bukchon Hanok Village,0.07347432005791442,0.0383255066097889,3.824555946358646
5*5*4*3*,197227.360758404,555475.6271170245,3.7499266,126.96860289271031,37.598848914252294,0.06883252238208032,HYBRID_PROPAGATED,Bukchon Hanok Village,0.08042058602818342,0.03565084077531683,3.8187591223820805
5*8*2*1*,197962.9343230705,555690.517002484,3.739953,126.97693186041695,37.600786974211516,0.06970345122072244,HYBRID_PROPAGATED,Bukchon Hanok Village,0.07650891507764064,0.036511178480290896,3.8096564512207225
5*8*2*8*,197305.2766051575,553815.113800731,3.718802,126.96949131219166,37.58388805318077,0.059485536,DIRECT_LIVE,,1.0,1.0,3.778287536
5*2*0*6*,197619.4508677466,554086.7935316691,3.7085629,126.97304739712905,37.58633673428687,0.06969526945237327,HYBRID_PROPAGATED,Bukchon Hanok Village,0.2677151801322076,0.11402393100460241,3.778258169452373
5*6*9*9*,196586.959798439,555939.438151861,3.69878,126.96134889172563,37.603025655601776,0.07013257484707176,HYBRID_PROPAGATED,Seochon,0.03868330218487517,0.001646054917423222,3.768912574847072
5*1*7*8*,196264.649786955,555746.0987040824,3.6808715,126.95769986648281,37.601282434229084,0.06007830782758035,HYBRID_PROPAGATED,Seochon,0.04319136384986936,0.001899791875427844,3.74094980782758
5*1*7*2*,197815.0842187035,553106.635969803,3.6837287,126.97526528169139,37.57750606323657,0.051039845,DIRECT_LIVE,,1.0,1.0,3.734768545
5*5*3*3*,197177.09126021952,554726.480517546,3.6655028,126.96803653293823,37.59209901516303,0.06739605543588732,HYBRID_PROPAGATED,Bukchon Hanok Village,0.13346103107543775,0.042311471600354734,3.7328988554358875
5*2*5*8*,197379.9977936265,555767.6400992679,3.662172,126.97033029521629,37.601480371155546,0.06811785838181658,HYBRID_PROPAGATED,Bukchon Hanok Village,0.06156353646642154,0.025054519326310056,3.7302898583818167
5*3*4*2*,199008.616887931,554562.3838496904,3.6373467,126.9887749057826,37.590624311186716,0.08828599711894987,HYBRID_PROPAGATED,Bukchon Hanok Village,0.16840042110766315,0.09324719589694207,3.72563269711895
5*1*9*1*,197144.909852056,554927.5326021151,3.6481252,126.96767136305206,37.593910378629175,0.06791293945869598,HYBRID_PROPAGATED,Bukchon Hanok Village,0.10846581580922861,0.0385110122539,3.716038139458696
5*4*0*2*,197331.0686475705,554665.587479144,3.6447089,126.96978022258604,37.59155083304358,0.06780804581955271,HYBRID_PROPAGATED,Bukchon Hanok Village,0.14984803903711888,0.05045251944261334,3.712516945819553
5*2*4*2*,199076.4360365475,555336.277304557,3.6218486,126.98954182320374,37.597597097621346,0.08815705674384737,HYBRID_PROPAGATED,Bukchon Hanok Village,0.07982524057808114,0.03835428093289308,3.710005656743847
5*0*8*8*,199465.771090197,553901.0026813284,3.604304,126.99395158969111,37.58466569381001,0.10483847,DIRECT_LIVE,,1.0,1.0,3.7091424699999997
5*9*9*3*,197176.2934481705,557716.9777594451,3.7032063,126.96801596489918,37.61904308887005,0.0,BASE_ONLY,,0.0,0.0,3.7032063
5*3*7*4*,197127.720506217,555933.7623157584,3.6301987,126.96747277894887,37.602976363518806,0.06842448138032378,HYBRID_PROPAGATED,Bukchon Hanok Village,0.0460230742170443,0.022753707327301656,3.6986231813803236
5*6*6*5*,198057.6111293645,553799.683061823,3.6098108,126.97800901294242,37.58375091740381,0.07734036043728831,HYBRID_PROPAGATED,Bukchon Hanok Village,0.3269699038840398,0.2075038580133239,3.6871511604372884
5*3*6*5*,197712.1573992525,555517.9179202355,3.6125557,126.97409255181205,37.59923128324873,0.0710982272030086,HYBRID_PROPAGATED,Bukchon Hanok Village,0.06967878027083559,0.03403739180230614,3.6836539272030087
5*1*2*6*,196285.385912537,554501.231269975,3.6150863,126.95794100137333,37.59006637154395,0.06605664376960652,HYBRID_PROPAGATED,Bukchon Hanok Village,0.08154342462484522,0.03273127220571859,3.681142943769607
5*4*4*2*,197700.5465805727,554398.388145638,3.6098447,126.97396458573313,37.58914438481434,0.0706102182585067,HYBRID_PROPAGATED,Bukchon Hanok Village,0.2153899894806998,0.08676207936806703,3.6804549182585067
5*4*7*6*,197265.65714026248,554361.074189803,3.6006303,126.96904071772026,37.58880700011324,0.06667627262003503,HYBRID_PROPAGATED,Bukchon Hanok Village,0.18549923193720366,0.06595615021287222,3.6673065726200353
5*4*0*1*,198377.806551686,554421.969458573,3.5781994,126.98163276579123,37.58935829296796,0.07694790721574142,HYBRID_PROPAGATED,Bukchon Hanok Village,0.19774236732818387,0.11321682597255851,3.655147307215741
5*7*9*7*,198352.542904897,553136.9497767941,3.5679607,126.98134960756177,37.57778030694258,0.08663844,DIRECT_LIVE,,1.0,1.0,3.65459914
5*0*3*8*,198038.478798732,554293.802369581,3.5772173,126.97779108136041,37.58820285676251,0.07463435083766011,HYBRID_PROPAGATED,Bukchon Hanok Village,0.2596922859893263,0.11797011578325892,3.65185165083766
5*3*6*7*,198418.501657004,555015.563454571,3.561503,126.98209225336224,37.59470659820341,0.08255866245480518,HYBRID_PROPAGATED,Bukchon Hanok Village,0.10912476087311036,0.054760190429037195,3.6440616624548055
5*0*4*9*,197958.426774108,553438.792842838,3.5698302,126.97688709077413,37.58049910548416,0.068664625,DIRECT_LIVE,,1.0,1.0,3.638494825
5*1*8*7*,199178.28839153948,553366.9826097125,3.5407355,126.99069737895182,37.57985399586091,0.09643145,DIRECT_LIVE,,1.0,1.0,3.6371669499999997
5*2*5*9*,197084.54634406324,554702.8040153952,3.5695157,126.96698875200757,37.59188540337831,0.06727986757810452,HYBRID_PROPAGATED,Bukchon Hanok Village,0.12941183691701866,0.04009763725935736,3.6367955675781047
5*4*2*6*,197786.880166518,555002.261919568,3.559731,126.9749402678647,37.59458545068927,0.07047070890988348,HYBRID_PROPAGATED,Bukchon Hanok Village,0.12136712541568533,0.04543955179524242,3.6302017089098837
5*6*5*8*,198354.0565967284,556406.601386275,3.5349705,126.98135939727689,37.607239606674,0.07511216029900424,HYBRID_PROPAGATED,Bukchon Hanok Village,0.03749269017696495,0.05062498953837459,3.610082660299004
5*3*6*1*,197087.2101917425,554347.2395930515,3.5410676,126.96702032798245,37.58868180422201,0.0661885564958753,HYBRID_PROPAGATED,Bukchon Hanok Village,0.16902751449555156,0.058838858381602244,3.6072561564958754
5*6*1*2*,198595.330892631,554352.835783308,3.5177267,126.98409581073385,37.58873576131148,0.0826302342622732,HYBRID_PROPAGATED,Bukchon Hanok Village,0.18867662903561214,0.12365351054048504,3.600356934262273
5*9*1*3*,197782.643588516,554850.676794149,3.5245404,126.97489275485037,37.59321967113457,0.07054856890754531,HYBRID_PROPAGATED,Bukchon Hanok Village,0.13847693836106945,0.053709692322814806,3.595088968907545
5*3*1*1*,198085.266456495,555686.796482703,3.5177631,126.9783171836236,37.600753715310695,0.07015110149980451,HYBRID_PROPAGATED,Bukchon Hanok Village,0.055004151666712,0.02994492822555341,3.5879142014998044
5*3*6*8*,197802.314181737,556046.8752084695,3.5150006,126.97511189633194,37.60399735782882,0.07261160136698193,HYBRID_PROPAGATED,Bukchon Hanok Village,0.05211754275051682,0.02288469524639443,3.587612201366982
5*2*8*5*,197145.452211611,555002.793564583,3.5154757,126.96767721098222,37.59458847523419,0.06815882054821104,HYBRID_PROPAGATED,Bukchon Hanok Village,0.09672024764617865,0.03525361276100162,3.583634520548211
5*0*0*6*,197282.6641620915,554351.7722753244,3.5149221,126.9692333122395,37.5887232409178,0.06674227690928498,HYBRID_PROPAGATED,Bukchon Hanok Village,0.180919635439329,0.06992860852528253,3.581664376909285
5*3*3*9*,197308.736699028,554342.735884071,3.5124288,126.9695285483599,37.58864190029308,0.0668159774449572,HYBRID_PROPAGATED,Bukchon Hanok Village,0.1837647943397386,0.07220084919573937,3.579244777444957
5*5*1*0*,197357.6695565655,555971.0814387875,3.5089145,126.97007670930928,37.603313294132974,0.06786175336216868,HYBRID_PROPAGATED,Bukchon Hanok Village,0.05292058167263447,0.020408408673113238,3.5767762533621688
5*4*8*1*,197540.107065475,555449.574166135,3.5043943,126.9721444897256,37.59861506850761,0.07091270563038148,HYBRID_PROPAGATED,Bukchon Hanok Village,0.06950229400676432,0.030516621596687065,3.5753070056303815
5*4*9*6*,197679.45815319,554692.180818332,3.5034072,126.97372488283051,37.591791380947654,0.07029165732621943,HYBRID_PROPAGATED,Bukchon Hanok Village,0.1559675994294848,0.06138332036035622,3.573698857326219
5*6*6*4*,197191.170784742,554475.155936502,3.5059612,126.96819691730195,37.589834643678266,0.06666381080306442,HYBRID_PROPAGATED,Bukchon Hanok Village,0.1546774897085431,0.056845695612856066,3.5726250108030646
5*8*1*4*,199988.338142313,554089.8103261346,3.484011,126.99986796426718,37.58636699244351,0.08785546129756139,HYBRID_PROPAGATED,Changdeokgung Palace & Jongmyo Shrine,0.158202886592363,0.07997752156381673,3.5718664612975615
5*3*3*7*,197483.195189973,554129.961023369,3.5026217,126.9715045607871,37.58672530793705,0.06783189678808925,HYBRID_PROPAGATED,Bukchon Hanok Village,0.24099770091857095,0.10617816072556593,3.5704535967880893
5*1*9*7*,197431.602544029,554359.74625648,3.4983594,126.97091961987846,37.58879551338837,0.06793895720165338,HYBRID_PROPAGATED,Bukchon Hanok Village,0.1954945911832208,0.07806955044191916,3.5662983572016533
5*9*5*3*,197631.57501366752,555371.1220317241,3.4954998,126.97318051457941,37.59790846175042,0.07072742968992983,HYBRID_PROPAGATED,Bukchon Hanok Village,0.07673389869565793,0.029200222613059417,3.56622722968993
5*0*0*0*,197343.0331614385,556344.731336799,3.4835582,126.96990960221028,37.606679799978764,0.07316169949419246,HYBRID_PROPAGATED,Bukchon Hanok Village,0.03013939778898711,0.0186439275758985,3.5567198994941926
5*4*2*3*,199675.06927366,553716.1623216355,3.4700499,126.99632129497094,37.58300039218764,0.08652222144577322,HYBRID_PROPAGATED,Changdeokgung Palace & Jongmyo Shrine,0.24438763342715444,0.1419070951128718,3.556572121445773
5*0*4*1*,197774.124474709,553936.38433738,3.4750617,126.97479907007025,37.58498194494774,0.07166884282541483,HYBRID_PROPAGATED,Gyeongbokgung Palace,0.29824848360611494,0.16529827869337568,3.5467305428254146
5*3*4*5*,197452.877671325,555733.071001814,3.4763985,126.97115572935124,37.6011691114574,0.06796585565823636,HYBRID_PROPAGATED,Bukchon Hanok Village,0.04914857228504412,0.02027824254125393,3.5443643556582365
5*9*3*5*,198300.163601642,553911.369420636,3.4656549,126.98075484045697,37.5847576835358,0.07695339680965049,HYBRID_PROPAGATED,Bukchon Hanok Village,0.2903284009191148,0.2044709477073175,3.5426082968096506
5*8*8*5*,196655.054952777,554976.7262652561,3.4754095,126.96212443500224,37.594351959797585,0.06627957768414652,HYBRID_PROPAGATED,Bukchon Hanok Village,0.07122468922439228,0.026437222003752255,3.5416890776841465
5*2*7*5*,197646.482925419,555147.998870756,3.4705067,126.97335004522408,37.59589817993471,0.07049493373391372,HYBRID_PROPAGATED,Bukchon Hanok Village,0.09630685582779584,0.03558164341178209,3.541001633733914
5*5*8*3*,197920.393733767,553877.318250745,3.468028,126.97645526966312,37.584450105524056,0.07206829343716939,HYBRID_PROPAGATED,Gyeongbokgung Palace,0.3433673875669903,0.19240077317274346,3.5400962934371694
5*2*3*7*,197067.791563554,554451.23453358,3.4670134,126.96680004701344,37.589618729031436,0.06629321318331556,HYBRID_PROPAGATED,Bukchon Hanok Village,0.14576172567998458,0.053986968310816286,3.5333066131833153
5*6*3*0*,197683.714051407,555693.708834875,3.4562404,126.97376990434468,37.60081507195246,0.06846828671523145,HYBRID_PROPAGATED,Bukchon Hanok Village,0.05111599226374417,0.0229909740389636,3.5247086867152313
5*4*4*5*,197082.157713513,554374.098819057,3.4579988,126.96696301502148,37.58892378780742,0.06619166862302543,HYBRID_PROPAGATED,Bukchon Hanok Village,0.15684442911034935,0.06000539995075414,3.524190468623025
5*1*2*4*,198217.983495992,553458.4737843166,3.426611,126.97982551729072,37.58067696830557,0.07747199,DIRECT_LIVE,,1.0,1.0,3.5040829899999997
5*2*7*2*,197788.21994635952,555412.0610036785,3.4234314,126.97495420101781,37.59827770795477,0.07128045778831968,HYBRID_PROPAGATED,Bukchon Hanok Village,0.07278597337443292,0.029081034744317048,3.4947118577883196
5*4*6*1*,199635.8787307647,557371.9660470734,3.4923644,126.99587578127253,37.61593883666257,0.0,BASE_ONLY,,0.0,0.0,3.4923644
5*2*6*4*,197830.499461255,554605.477555575,3.4196174,126.97543535555836,37.59101055975092,0.07098276042712184,HYBRID_PROPAGATED,Bukchon Hanok Village,0.16841149449214954,0.07521829336103178,3.490600160427122
5*3*6*2*,197906.035715114,553003.451834135,3.3859496,126.97629520852665,37.57657659134106,0.10208444,DIRECT_LIVE,,1.0,1.0,3.48803404
5*3*2*1*,197187.9985927735,555700.354208968,3.4183998,126.96815629634551,37.60087356505765,0.06721478208699042,HYBRID_PROPAGATED,Bukchon Hanok Village,0.04439187181484112,0.016818189699583264,3.4856145820869906
5*7*0*0*,199466.029215332,554633.6583782565,3.3996758,126.9939539782021,37.59126686804604,0.08428863869005049,HYBRID_PROPAGATED,Changdeokgung Palace & Jongmyo Shrine,0.1316548689945293,0.07055342845686027,3.4839644386900503
5*4*4*6*,197762.960674895,553827.852765006,3.4050305,126.97467300700434,37.584004055903236,0.07027251722571283,HYBRID_PROPAGATED,Gyeongbokgung Palace,0.33799756453465496,0.2017232777206212,3.475303017225713
5*2*0*1*,196437.5117017575,557541.990485384,3.454963,126.95964866110775,37.61746391002971,0.0,BASE_ONLY,,0.0,0.0,3.454963
5*6*5*9*,196678.726868575,553378.676924699,3.3765042,126.96239972065773,37.57995373921131,0.06325185729507127,HYBRID_PROPAGATED,Seochon,0.184907441112069,0.09250312021147494,3.439756057295071
5*2*0*8*,196382.204883114,554274.636444669,3.3444562,126.95903836008034,37.588025155203894,0.06509988901360701,HYBRID_PROPAGATED,Gwanghwamun & Deoksugung Palace,0.0954412194561366,0.043912933961105904,3.4095560890136074
5*2*9*9*,197737.946254732,553184.269012185,3.3342862,126.97439178851408,37.578205346186174,0.07309584653835859,HYBRID_PROPAGATED,Gyeongbokgung Palace,0.49168708379960524,0.33121173437023277,3.4073820465383586
5*4*8*8*,198075.168140141,553906.054158032,3.3241584,126.9782075073394,37.584709350585754,0.07546716518421491,HYBRID_PROPAGATED,Gyeongbokgung Palace,0.25795484418788844,0.21857508382926458,3.399625565184215
5*5*5*1*,197196.484287538,554722.482763925,3.3178217,126.96825613319722,37.59206305498628,0.06725124988771972,HYBRID_PROPAGATED,Gwanghwamun & Deoksugung Palace,0.11200582896577833,0.04893805121116319,3.3850729498877197
5*9*1*5*,196435.925205049,554206.034873939,3.28224,126.95964692941715,37.587407269712315,0.06379614679195454,HYBRID_PROPAGATED,Gwanghwamun & Deoksugung Palace,0.11169239844084818,0.052829061709603616,3.3460361467919544
5*1*5*8*,197868.0060783915,553210.3528091339,3.2678554,126.97586409110663,37.57844066987035,0.07497236,DIRECT_LIVE,,1.0,1.0,3.34282776
5*5*1*1*,196713.0140859665,558549.6365705925,3.307467,126.96276467339673,37.62654369876615,0.0,BASE_ONLY,,0.0,0.0,3.307467
5*5*1*4*,199336.51632933848,553105.0220620565,3.247211,126.99248891912387,37.57749387439688,0.058295257,DIRECT_LIVE,,1.0,1.0,3.3055062570000002
5*4*2*2*,198184.728585176,553232.140273062,3.2272766,126.97944959384961,37.57863765227068,0.0766839630100042,HYBRID_PROPAGATED,Gyeongbokgung Palace,0.40054717407016893,0.36334609142038266,3.3039605630100044
5*0*9*1*,198618.222513237,553860.309537745,3.201123,126.98435592696033,37.584298169654524,0.0787728055518869,HYBRID_PROPAGATED,Changdeokgung Palace & Jongmyo Shrine,0.2261505658236739,0.2247535550144638,3.2798958055518868
5*3*7*6*,197133.21833617,554228.36039889,3.1934686,126.96754171406837,37.587610855998854,0.06526593384082434,HYBRID_PROPAGATED,Seochon,0.17134589374952588,0.0903159992967328,3.2587345338408245
5*1*5*1*,200841.7402433775,555157.8266909979,3.1587648,127.00953142308288,37.59598935157021,0.09463373729977327,HYBRID_PROPAGATED,Changdeokgung Palace & Jongmyo Shrine,0.05451547288406897,0.04747583860735006,3.2533985372997734
5*0*1*1*,197040.12813184247,556969.687273707,3.253363,126.96647664773135,37.612309661102785,0.0,BASE_ONLY,,0.0,0.0,3.253363
5*6*1*4*,199208.865500673,556855.5987837565,3.2521381,126.99103977516899,37.611286157650476,0.0,BASE_ONLY,,0.0,0.0,3.2521381
5*1*7*3*,198837.34447918,554043.28752557,3.1612163,126.98683647021129,37.58594709138103,0.08218802150764344,HYBRID_PROPAGATED,Changdeokgung Palace & Jongmyo Shrine,0.17224877873944353,0.17677888187865815,3.2434043215076436
5*5*5*8*,198550.14028333905,552887.475096134,3.1399229,126.9835870444652,37.57553288635113,0.08329065,DIRECT_LIVE,,1.0,1.0,3.22321355
5*3*4*6*,197131.608307128,556458.275597236,3.2081385,126.96751475140107,37.60770218715481,0.0,BASE_ONLY,,0.0,0.0,3.2081385
5*3*8*3*,197444.63466375548,552619.6872500305,3.131417,126.97107324082458,37.57311772889196,0.07060185783381144,HYBRID_PROPAGATED,Gwanghwamun & Deoksugung Palace,0.27023817825586854,0.1844793191368446,3.2020188578338113
5*6*5*7*,197220.43949323648,554248.851821173,3.126339,126.9685291719039,37.58779574961552,0.06472203283278655,HYBRID_PROPAGATED,Seochon,0.16969192497747446,0.0912329949092415,3.1910610328327866
5*8*8*9*,196369.4400399275,552785.9092874634,3.124189,126.9589012071766,37.57461177071948,0.06578510850006918,HYBRID_PROPAGATED,Gwanghwamun & Deoksugung Palace,0.11931216717206344,0.06683833943445208,3.1899741085000692
5*3*8*2*,197255.5442375005,552954.785423555,3.1210854,126.96893148143768,37.57613640137095,0.06710293965563635,HYBRID_PROPAGATED,Seochon,0.29767637190825685,0.1986421222269068,3.1881883396556363
5*7*7*6*,196485.918220664,554932.318064585,3.1161275,126.96020947520365,37.59395121557205,0.06067917768290333,HYBRID_PROPAGATED,Seochon,0.0594707377924575,0.02118324183718786,3.1768066776829036
5*7*8*1*,198288.973558258,553724.669703903,3.0982935,126.9806285852323,37.58307551098967,0.07558180630896844,HYBRID_PROPAGATED,Gyeongbokgung Palace,0.2947175584224285,0.22574548240386905,3.1738753063089686
5*7*0*9*,198422.84760172467,553437.1002800573,3.1089187,126.98214486119461,37.580484767961266,0.06478616,DIRECT_LIVE,,1.0,1.0,3.17370486
5*7*6*6*,197046.522549313,554937.379295588,3.096663,126.96655726854371,37.5939987861135,0.0653590788906387,HYBRID_PROPAGATED,Gwanghwamun & Deoksugung Palace,0.07608376693069363,0.037375338081111396,3.162022078890639
5*3*6*6*,197466.170208708,556442.063298688,3.0762212,126.97130380371492,37.60755709817809,0.07467074144186739,HYBRID_PROPAGATED,Bukchon Hanok Village,0.01390763893714098,0.015078318578486785,3.1508919414418672
5*0*5*5*,197348.089350674,553198.9042064125,3.0574617,126.9699782520695,37.578336168488704,0.047621243,DIRECT_LIVE,,1.0,1.0,3.105082943
5*8*4*7*,196631.1210892815,554389.8070517329,3.031269,126.9618561255338,37.58906377796581,0.06250164912209595,HYBRID_PROPAGATED,Seochon,0.10292930023970574,0.04968979209776437,3.0937706491220958
5*4*3*9*,198291.77474540475,556121.4645900701,3.0216522,126.98065470957265,37.604670439520966,0.07183461618267996,HYBRID_PROPAGATED,Bukchon Hanok Village,0.02091804666525083,0.007696995716930242,3.09348681618268
5*4*2*7*,196934.810522905,554149.659456792,3.0091882,126.9652956299738,37.58690112722476,0.06280331326016272,HYBRID_PROPAGATED,Seochon,0.1529822909507929,0.07338621655760422,3.071991513260163
5*6*7*7*,196806.644048385,553391.983138244,3.0007658,126.9638478184444,37.58007407974487,0.06077694809619449,HYBRID_PROPAGATED,Seochon,0.1964793545286895,0.12416894886929628,3.0615427480961945
5*2*8*3*,197129.48248585,553921.99996885,2.9867194,126.96750061610607,37.584850558974225,0.062067660993589756,HYBRID_PROPAGATED,Seochon,0.21490869739293061,0.11432610001125074,3.04878706099359
5*1*3*4*,197781.565675622,556140.488146029,2.9640236,126.97487664236117,37.604840751311166,0.07171127730429684,HYBRID_PROPAGATED,Bukchon Hanok Village,0.01756063366660503,0.008319028403335487,3.035734877304297
5*7*4*6*,196949.720135185,556133.575163604,2.954386,126.96545617591764,37.60477608466733,0.07116321964204514,HYBRID_PROPAGATED,Bukchon Hanok Village,0.011540414983488345,0.005985064704865417,3.0255492196420453
5*8*1*5*,199425.083134409,555546.377378108,2.9343941,126.9934896392466,37.59949036426397,0.09038862466417898,HYBRID_PROPAGATED,Changdeokgung Palace & Jongmyo Shrine,0.031062222684669946,0.019633648743401656,3.024782724664179
5*1*0*8*,197131.090412132,556260.689061879,2.9480195,126.96750966046172,37.605921951326266,0.07163154832587992,HYBRID_PROPAGATED,Bukchon Hanok Village,0.01133963378295025,0.007803690209736407,3.01965104832588
5*4*1*1*,197024.180723098,556188.357676496,2.9473462,126.96629920473066,37.60526991338116,0.07127202955728505,HYBRID_PROPAGATED,Bukchon Hanok Village,0.011377065535402449,0.005715122266218102,3.018618229557285
5*2*3*1*,198868.738377652,553946.483392819,2.9285965,126.9871920598474,37.58507493200195,0.08144078802094949,HYBRID_PROPAGATED,Changdeokgung Palace & Jongmyo Shrine,0.15089672310726485,0.12667969828251066,3.0100372880209494
5*7*9*5*,198223.032286881,556151.655298379,2.9116113,126.97987614250576,37.60494232461955,0.07203773026787678,HYBRID_PROPAGATED,Bukchon Hanok Village,0.016679995700764026,0.007833090450282522,2.983649030267877
5*9*7*3*,198173.567056548,553588.002712755,2.8956742,126.97932234921961,37.5818439286993,0.07515678049561819,HYBRID_PROPAGATED,Gyeongbokgung Palace,0.22734337501118074,0.1812610326903113,2.9708309804956183
5*6*9*5*,197670.6760260095,552574.4975146065,2.897209,126.97363217442035,37.5727111709432,0.07196777452006126,HYBRID_PROPAGATED,Gwanghwamun & Deoksugung Palace,0.22696533471095812,0.14112616838530456,2.9691767745200615
5*6*0*9*,199905.540623044,555002.9708738984,2.873435,126.99893041174083,37.5945944937548,0.08150009475161882,HYBRID_PROPAGATED,Changdeokgung Palace & Jongmyo Shrine,0.039785952843771934,0.028680804846348825,2.954935094751619
5*0*0*8*,199189.979668343,554503.889223174,2.8614812,126.99082847958448,37.59009745653666,0.0837589180207812,HYBRID_PROPAGATED,Changdeokgung Palace & Jongmyo Shrine,0.07092124290397196,0.056519841820414835,2.9452401180207812
5*3*2*6*,196387.50479206,554707.597566686,2.8813663,126.95909623224598,37.59192612165625,0.06312914800248932,HYBRID_PROPAGATED,Seochon,0.05829053645930738,0.023532586101674916,2.944495448002489
5*4*4*1*,198665.5547912065,557284.5599427385,2.942725,126.98488556900374,37.61515042190299,0.0,BASE_ONLY,,0.0,0.0,2.942725
5*4*4*7*,196571.280533814,556126.126767514,2.8794062,126.9611704570354,37.604707643130325,0.057115529666666665,PLACE_PROPAGATED,Seochon,0.0,0.0036722668533371917,2.9365217296666666
5*4*5*7*,199013.931185642,555786.523755131,2.8239062,126.98883342971368,37.60165371218734,0.08760370816618412,HYBRID_PROPAGATED,Changdeokgung Palace & Jongmyo Shrine,0.02203737668463787,0.014779310036197322,2.911509908166184
5*0*4*6*,196670.476402362,554601.224742539,2.8455226,126.96230076219146,37.59096877794114,0.06297869416346576,HYBRID_PROPAGATED,Seochon,0.07615282488941534,0.027080633746950657,2.9085012941634654
5*6*0*1*,196596.552780958,554753.873039958,2.8260868,126.96146303729874,37.59234385643299,0.06335310323776781,HYBRID_PROPAGATED,Seochon,0.06254240803937199,0.02403909920212689,2.889439903237768
5*5*1*2*,199199.5692609945,552744.4372347386,2.8004737,126.99093897999387,37.5742449160775,0.07837298,DIRECT_LIVE,,1.0,1.0,2.87884668
5*7*9*6*,197092.771537902,555888.90979628,2.7981446,126.96707717638925,37.602572136946854,0.06564836468191415,HYBRID_PROPAGATED,Bukchon Hanok Village,0.025303111481118922,0.006545960939728032,2.863792964681914
5*4*1*6*,197241.190638631,553744.902114962,2.7842753,126.9687660183546,37.58325526090562,0.062194438912613115,HYBRID_PROPAGATED,Seochon,0.2184107750322861,0.1076819495284865,2.8464697389126132
5*4*1*8*,198764.4929793615,557020.7469433451,2.8231523,126.98600662570762,37.612773634890814,0.0,BASE_ONLY,,0.0,0.0,2.8231523
5*3*2*5*,196830.04151556632,553309.4602474687,2.7594829,126.96411305944828,37.57933063447581,0.0633462082785591,HYBRID_PROPAGATED,Seochon,0.16315409405832604,0.07997986326253957,2.822829108278559
5*1*1*2*,197875.181070741,553390.634961342,2.728278,126.97594479528998,37.58006501768636,0.07413746931240807,HYBRID_PROPAGATED,Gyeongbokgung Palace,0.2583893481232176,0.1681260202817251,2.802415469312408
5*3*9*8*,197027.3631146,553875.1921573,2.714809,126.96634463252336,37.584428499874186,0.062229635136971974,HYBRID_PROPAGATED,Seochon,0.1799813132244745,0.06470392251242393,2.7770386351369716
5*2*3*6*,197653.928082626,553389.610712197,2.7083123,126.9734399802285,37.580055252262596,0.0677961035714969,HYBRID_PROPAGATED,Seochon,0.1945844439001108,0.13931361762284208,2.776108403571497
5*0*3*6*,199273.497727746,554260.284173661,2.691202,126.99177436107428,37.587902662995454,0.08021525559202113,HYBRID_PROPAGATED,Changdeokgung Palace & Jongmyo Shrine,0.07614385011374257,0.052565543375537864,2.7714172555920213
5*4*8*5*,197175.227013032,553650.755242943,2.6599798,126.9680195712271,37.58240680391471,0.06203641716781231,HYBRID_PROPAGATED,Seochon,0.2094176945826596,0.09174260826003355,2.722016217167812
5*4*8*0*,199177.756227549,554011.89463923,2.6377883,126.99069063079304,37.58566461055956,0.08102657138390956,HYBRID_PROPAGATED,Changdeokgung Palace & Jongmyo Shrine,0.08838030697150405,0.06387081626278306,2.7188148713839095
5*4*0*6*,198084.745244306,553040.407546037,2.6114314,126.9783181989395,37.576909949114615,0.071987554,DIRECT_LIVE,,1.0,1.0,2.683418954
5*1*8*5*,196560.901794732,555624.6823771483,2.613986,126.96105527522059,37.60018963936188,0.06460471572450543,HYBRID_PROPAGATED,Bukchon Hanok Village,0.033170738909049,0.004640869357910756,2.6785907157245057
5*3*3*6*,197421.497937952,557061.703464851,2.671169,126.97079569723087,37.613139864598445,0.0,BASE_ONLY,,0.0,0.0,2.671169
5*0*8*5*,197380.542325477,557313.813963649,2.5525029,126.97033092857352,37.615411235549395,0.0,BASE_ONLY,,0.0,0.0,2.5525029
5*2*9*2*,197139.3267174325,553759.2488906351,2.4231124,126.96761270565281,37.583384213599366,0.06423981,DIRECT_LIVE,,1.0,1.0,2.48735221
5*2*4*8*,199254.3506874605,552575.270625666,2.2650723,126.99155928762015,37.572720779566914,0.07592166,DIRECT_LIVE,,1.0,1.0,2.34099396
5*6*3*8*,199336.25051818,554373.567241664,2.201494,126.99248476110556,37.588923382422074,0.08036312055165017,HYBRID_PROPAGATED,Changdeokgung Palace & Jongmyo Shrine,0.02829138792719311,0.017044961585722718,2.28185712055165
5*3*8*6*,197492.213723269,556748.956989372,2.2807028,126.97159770093693,37.61032224899268,0.0,BASE_ONLY,,0.0,0.0,2.2807028
5*1*0*3*,197830.512386176,555856.992238415,2.1580718,126.97543179477509,37.602286597665035,0.06715534446869272,HYBRID_PROPAGATED,Bukchon Hanok Village,0.00575144520865933,0.0018600393363629817,2.225227144468693
5*4*1*2*,196539.088820942,555801.678121491,2.0675564,126.96080742622084,37.60178427237723,0.06447182195055556,HYBRID_PROPAGATED,Bukchon Hanok Village,0.01810667467942033,0.0012073541946534113,2.1320282219505557
5*5*9*2*,197597.018029715,553542.257995259,2.057848,126.97279519776981,37.5814304479054,0.06376457795998318,HYBRID_PROPAGATED,Seochon,0.0966176075580687,0.03449378843618329,2.1216125779599833
5*8*6*9*,197793.788191576,553406.617763619,2.009529,126.9750232935138,37.58020883037236,0.07370576549119394,HYBRID_PROPAGATED,Gyeongbokgung Palace,0.07957072664138709,0.036990209386615805,2.083234765491194
5*4*4*4*,197235.853422607,556494.187166825,2.0251763,126.96869521746332,37.60802606569067,0.0,BASE_ONLY,,0.0,0.0,2.0251763
5*7*8*9*,197946.463407027,552576.333361197,1.8506653,126.97675406775936,37.572728367838174,0.07682545783156287,HYBRID_PROPAGATED,Gwanghwamun & Deoksugung Palace,0.05291104597220267,0.020929599482219754,1.9274907578315628
5*5*8*0*,197879.977137817,556693.641988153,1.9044243,126.97598953185066,37.60982484203177,0.0,BASE_ONLY,,0.0,0.0,1.9044243
5*6*9*8*,195951.383498052,553245.998296123,1.6215645,126.95416616932792,37.57875540313568,0.06390850633259654,HYBRID_PROPAGATED,Gwanghwamun & Deoksugung Palace,0.01492955377222613,0.0024904333711973543,1.6854730063325967
5*4*4*9*,196542.833200655,557285.0915736,1.5152409,126.96084282271131,37.61514968324276,0.0,BASE_ONLY,,0.0,0.0,1.5152409
5*5*2*5*,200288.849987815,557107.443941475,1.3236626,127.0032715543151,37.61355554944399,0.0,BASE_ONLY,,0.0,0.0,1.3236626
