grid_id,final_score_citywide,score_source,driver_place,geometry
5*0*9*3*,11.64117110418317,HYBRID_PROPAGATED,Bukchon Hanok Village,"POLYGON ((126.9767412913324 37.57487556701567, 126.97674115121872 37.57532606429763, 126.9761751340858 37.575325951421924, 126.97617527760924 37.574875454141775, 126.9767412913324 37.57487556701567))"
5*5*4*6*,7.138542665936317,HYBRID_PROPAGATED,Bukchon Hanok Village,"POLYGON ((126.98924816075663 37.587670009976705, 126.98924809595616 37.588120506309025, 126.98868198191467 37.58812045338467, 126.98868205012704 37.5876699570532, 126.98924816075663 37.587670009976705))"
5*1*6*9*,6.223209972765885,PLACE_PROPAGATED,Changdeokgung Palace & Jongmyo Shrine,"POLYGON ((127.01936492697087 37.577535604417186, 127.01936504363907 37.57798610150707, 127.018799006354 37.57798619300479, 127.01879889309598 37.577535695913426, 127.01936492697087 37.577535604417186))"
5*5*2*3*,6.194770655051289,HYBRID_PROPAGATED,Bukchon Hanok Village,"POLYGON ((126.99901892492423 37.58169231779194, 126.99901891901264 37.582142814589524, 126.99845285022735 37.58214280852756, 126.99845285954981 37.58169231173007, 126.99901892492423 37.58169231779194))"
5*0*8*6*,6.1768966892899035,HYBRID_PROPAGATED,Seochon,"POLYGON ((126.95152205045368 37.58925887759095, 126.95152175826433 37.58970937364797, 126.95095563238442 37.589709139777355, 126.95095592798593 37.58925864372413, 126.95152205045368 37.58925887759095))"
5*4*8*4*,6.167271899543187,HYBRID_PROPAGATED,Bukchon Hanok Village,"POLYGON ((126.96725856062774 37.574168687398675, 126.96725836339381 37.57461918469818, 126.96669235165768 37.57461902635807, 126.96669255230125 37.57416852906111, 126.96725856062774 37.574168687398675))"
5*6*0*0*,6.139445315006018,HYBRID_PROPAGATED,Bukchon Hanok Village,"POLYGON ((126.96315722809213 37.57615609026032, 126.96315700613593 37.57660658738815, 126.96259097938204 37.576606409375664, 126.9625912047482 37.5761559122507, 126.96315722809213 37.57615609026032))"
5*5*9*7*,6.13041428777092,HYBRID_PROPAGATED,Bukchon Hanok Village,"POLYGON ((126.98086009579953 37.57283463249127, 126.98085998050657 37.5732851299414, 126.98029397880522 37.573285036818476, 126.98029409750757 37.57283453936987, 126.98086009579953 37.57283463249127))"
5*6*3*3*,6.1188332047164256,HYBRID_PROPAGATED,Bukchon Hanok Village,"POLYGON ((126.97624265180546 37.57158292583741, 126.9762425087049 37.572033423369675, 126.9756765164938 37.57203330811175, 126.97567666300355 37.571582810581354, 126.97624265180546 37.57158292583741))"
5*4*1*0*,6.110221519752511,HYBRID_PROPAGATED,Bukchon Hanok Village,"POLYGON ((126.95540470212623 37.58191375687475, 126.9554044334098 37.58236425351864, 126.95483836312265 37.58236403830596, 126.95483863524998 37.58191354166556, 126.95540470212623 37.58191375687475))"
5*6*0*6*,6.104077925115981,HYBRID_PROPAGATED,Bukchon Hanok Village,"POLYGON ((126.95892343398575 37.578038343855354, 126.95892318650661 37.57848884081648, 126.95835714553328 37.57848864249514, 126.95835739642271 37.578038145537214, 126.95892343398575 37.578038343855354))"
5*0*3*5*,6.064879449669623,HYBRID_PROPAGATED,Bukchon Hanok Village,"POLYGON ((126.99617680161548 37.580436630367046, 126.99617677857938 37.580887127259764, 126.99561071930258 37.580887107569126, 126.99561074574937 37.58043661067673, 126.99617680161548 37.580436630367046))"
5*1*3*5*,6.055638326653964,HYBRID_PROPAGATED,Bukchon Hanok Village,"POLYGON ((126.96940184421098 37.574394294443806, 126.96940165988667 37.5748447917354, 126.96883564643112 37.574844643670794, 126.96883583416508 37.57439414638158, 126.96940184421098 37.574394294443806))"
5*3*8*8*,6.0548615,BASE_ONLY,,"POLYGON ((126.95987637069429 37.60873741189204, 126.95987612868876 37.60918790650939, 126.95930985513613 37.609187712623005, 126.95931010055712 37.608737218008784, 126.95987637069429 37.60873741189204))"
5*7*2*0*,6.053224185178217,HYBRID_PROPAGATED,Bukchon Hanok Village,"POLYGON ((126.9576753193606 37.58106154076305, 126.95767506433398 37.58151203748572, 126.95710900048208 37.581511833165656, 126.95710925891947 37.5810613364463, 126.9576753193606 37.58106154076305))"
5*6*0*7*,6.048616276262069,PLACE_PROPAGATED,Bukchon Hanok Village,"POLYGON ((126.99668755769359 37.60562926016983, 126.99668753771684 37.606079755135056, 126.99612128758656 37.60607973788344, 126.99612131097824 37.605629242918475, 126.99668755769359 37.60562926016983))"
5*7*3*2*,6.043454228506857,HYBRID_PROPAGATED,Bukchon Hanok Village,"POLYGON ((126.98090264434916 37.57111893858489, 126.98090252931961 37.57156943616639, 126.98033654060224 37.57156934325109, 126.98033665904087 37.571118845671094, 126.98090264434916 37.57111893858489))"
5*5*9*5*,6.038256882122871,HYBRID_PROPAGATED,Bukchon Hanok Village,"POLYGON ((126.96433115964045 37.576496793726015, 126.96433094475385 37.57694729083364, 126.96376491541358 37.576947118448636, 126.96376513371018 37.576496621343786, 126.96433115964045 37.576496793726015))"
5*6*8*3*,6.02755293620994,HYBRID_PROPAGATED,Bukchon Hanok Village,"POLYGON ((126.9634172433438 37.57407180166068, 126.96341702297059 37.5745222989493, 126.96285101199103 37.57452212219185, 126.96285123577385 37.574071624906104, 126.9634172433438 37.57407180166068))"
5*8*6*0*,6.018141411741416,HYBRID_PROPAGATED,Bukchon Hanok Village,"POLYGON ((126.9531179197814 37.58925473271206, 126.95311763721082 37.589705228779856, 126.95255151134906 37.589705002563484, 126.95255179733178 37.58925450649934, 126.9531179197814 37.58925473271206))"
5*4*0*5*,6.01619009277099,HYBRID_PROPAGATED,Bukchon Hanok Village,"POLYGON ((126.96303108886576 37.57531996428732, 126.96303086615634 37.57577046147847, 126.9624648457321 37.57577028286452, 126.96246507185131 37.57531978567625, 126.96303108886576 37.57531996428732))"
5*0*2*8*,6.011168,BASE_ONLY,,"POLYGON ((126.9574189056056 37.6082669194351, 126.95741864878222 37.6087174140745, 126.9568523788144 37.60871720839848, 126.95685263905317 37.608266713762426, 126.9574189056056 37.6082669194351))"
5*6*7*4*,5.9948693453909945,HYBRID_PROPAGATED,Bukchon Hanok Village,"POLYGON ((126.96519989904766 37.57308001909426, 126.96519968942061 37.57353051646751, 126.96463368593619 37.57353034826101, 126.9646338989727 37.57307985089048, 126.96519989904766 37.57308001909426))"
5*5*3*1*,5.993937055849058,HYBRID_PROPAGATED,Bukchon Hanok Village,"POLYGON ((126.96249597103885 37.574119391474355, 126.96249574511555 37.57456988875463, 126.96192973378179 37.57456970757984, 126.96192996311468 37.574119210302506, 126.96249597103885 37.574119391474355))"
5*4*2*1*,5.9854484,BASE_ONLY,,"POLYGON ((126.97529482172705 37.614995438752864, 126.97529467268421 37.61544593296004, 126.97472835159056 37.615445813040004, 126.97472850404989 37.61499531883477, 126.97529482172705 37.614995438752864))"
5*3*0*5*,5.985079441680726,HYBRID_PROPAGATED,Bukchon Hanok Village,"POLYGON ((126.99942848676447 37.58511856497912, 126.99942848332032 37.5855690615146, 126.99886238859092 37.585569057416286, 126.99886239544655 37.58511856088088, 126.99942848676447 37.58511856497912))"
5*3*7*2*,5.979174549972395,HYBRID_PROPAGATED,Bukchon Hanok Village,"POLYGON ((126.95481575463212 37.57997757670786, 126.95481548238592 37.580428073496236, 126.95424942676257 37.58042785546882, 126.95424970241939 37.579977358683955, 126.95481575463212 37.57997757670786))"
5*1*8*6*,5.979008251897757,HYBRID_PROPAGATED,Bukchon Hanok Village,"POLYGON ((127.0011205443551 37.57872100559875, 127.00112055110635 37.57917150262366, 127.00055450481653 37.57917150663968, 127.00055450147568 37.57872100961471, 127.0011205443551 37.57872100559875))"
5*5*9*0*,5.958981909494895,HYBRID_PROPAGATED,Bukchon Hanok Village,"POLYGON ((126.96717948851096 37.57573113696486, 126.96717929078957 37.57618163414448, 126.96661326722777 37.576181475419645, 126.96661346835907 37.57573097824258, 126.96717948851096 37.57573113696486))"
5*1*8*9*,5.9574730464,PLACE_PROPAGATED,Bukchon Hanok Village,"POLYGON ((126.99507914998449 37.606343271682896, 126.99507912030697 37.60679376659256, 126.99451286476531 37.60679374162333, 126.99451289785789 37.606343246714054, 126.99507914998449 37.606343271682896))"
5*3*2*3*,5.948606405865771,HYBRID_PROPAGATED,Bukchon Hanok Village,"POLYGON ((126.96238216725328 37.57300255026194, 126.96238194065357 37.57345304762706, 126.96181593777325 37.573452865911214, 126.96181616778242 37.57300236854903, 126.96238216725328 37.57300255026194))"
5*6*9*3*,5.919818951054575,HYBRID_PROPAGATED,Bukchon Hanok Village,"POLYGON ((126.98474320028171 37.57488644830826, 126.98474310837258 37.575336945610616, 126.98417709113016 37.57533687110172, 126.98417718644902 37.57488637380058, 126.98474320028171 37.57488644830826))"
5*5*2*6*,5.919221111550834,HYBRID_PROPAGATED,Gwanghwamun & Deoksugung Palace,"POLYGON ((126.97862145388959 37.5688374721162, 126.9786213251303 37.56928796986589, 126.9780553536851 37.56928786601925, 126.97805548585312 37.56883736827124, 126.97862145388959 37.5688374721162))"
5*6*7*8*,5.913673,BASE_ONLY,,"POLYGON ((126.99050658160071 37.6118779375407, 126.99050652433472 37.61232843202227, 126.98994022683635 37.612328385107425, 126.98994028751835 37.61187789062661, 126.99050658160071 37.6118779375407))"
5*9*5*4*,5.909955,BASE_ONLY,,"POLYGON ((126.98656698013059 37.61112996568656, 126.98656689910237 37.61158046021915, 126.98600060728374 37.611580394400455, 126.98600069172782 37.61112989986892, 126.98656698013059 37.61112996568656))"
5*0*2*7*,5.897864269987935,HYBRID_PROPAGATED,Bukchon Hanok Village,"POLYGON ((126.99829654429384 37.57758543484219, 126.99829653403097 37.578035931953856, 126.99773049633795 37.57803592242871, 126.997730510011 37.5775854253172, 126.99829654429384 37.57758543484219))"
5*7*6*2*,5.8834667,BASE_ONLY,,"POLYGON ((126.96342234629272 37.612859837151106, 126.96342212564194 37.61331033147167, 126.96285582080756 37.613310154583694, 126.96285604487448 37.61285966026599, 126.96342234629272 37.612859837151106))"
5*4*6*0*,5.873386728545226,HYBRID_PROPAGATED,Bukchon Hanok Village,"POLYGON ((126.9841962997558 37.5700269864366, 126.98419620456876 37.57047748410955, 126.98363022410437 37.57047740698696, 126.98363032270034 37.57002690931525, 126.9841962997558 37.5700269864366))"
5*1*2*8*,5.867696846801073,HYBRID_PROPAGATED,Gwanghwamun & Deoksugung Palace,"POLYGON ((126.97525002660201 37.56923940980467, 126.97524987753505 37.569689907512924, 126.97468390306216 37.56968978750236, 126.97468405553792 37.569239289796066, 126.97525002660201 37.56923940980467))"
5*9*6*8*,5.862900756648061,HYBRID_PROPAGATED,Bukchon Hanok Village,"POLYGON ((126.96333935168568 37.57285921826848, 126.96333913085292 37.57330971564948, 126.96277312905117 37.573309538523446, 126.96277335329336 37.572859041145314, 126.96333935168568 37.57285921826848))"
5*8*1*1*,5.860166044999413,HYBRID_PROPAGATED,Bukchon Hanok Village,"POLYGON ((126.95822579853717 37.576197926863514, 126.95822554687159 37.57664842396148, 126.95765951983486 37.576648222303334, 126.95765977491038 37.57619772520863, 126.95822579853717 37.576197926863514))"
5*8*2*0*,5.8550663816111665,HYBRID_PROPAGATED,Bukchon Hanok Village,"POLYGON ((126.99213719025556 37.57327681577367, 126.99213714289162 37.573727313210924, 126.99157113781666 37.57372727415553, 126.99157118859004 37.573276776718906, 126.99213719025556 37.57327681577367))"
5*5*5*3*,5.853757243172521,HYBRID_PROPAGATED,Bukchon Hanok Village,"POLYGON ((126.96709698360955 37.571772236662085, 126.96709678541939 37.57222273414423, 126.96653079182106 37.57222257503804, 126.9665309934204 37.57177207755847, 126.96709698360955 37.571772236662085))"
5*2*9*8*,5.851153445326404,HYBRID_PROPAGATED,Bukchon Hanok Village,"POLYGON ((126.95497611717165 37.58366279259058, 126.95497584585561 37.58411328909799, 126.95440976232827 37.58411307182147, 126.95441003705552 37.58366257531757, 126.95497611717165 37.58366279259058))"
5*9*4*7*,5.8429020446985245,HYBRID_PROPAGATED,Bukchon Hanok Village,"POLYGON ((126.95452759161581 37.57852071767326, 126.95452731764775 37.5789712145713, 126.95396127305594 37.57897099516929, 126.95396155043439 37.578520498274784, 126.95452759161581 37.57852071767326))"
5*8*5*6*,5.8379908,BASE_ONLY,,"POLYGON ((126.97789068252423 37.617646018719576, 126.97789054912911 37.61809651273225, 126.97732420792143 37.6180964052634, 126.97732434473349 37.61764591125247, 126.97789068252423 37.617646018719576))"
5*2*4*9*,5.833217,BASE_ONLY,,"POLYGON ((126.96608006121345 37.6101051283185, 126.96607985661534 37.610555622862776, 126.96551357265267 37.61055545873889, 126.96551378066644 37.61010496419726, 126.96608006121345 37.6101051283185))"
5*9*7*1*,5.8312146587377445,HYBRID_PROPAGATED,Bukchon Hanok Village,"POLYGON ((126.95838400854721 37.573562212677594, 126.95838375785858 37.57401270997812, 126.95781775077025 37.57401250909054, 126.95781800486837 37.57356201179325, 126.95838400854721 37.573562212677594))"
5*3*1*4*,5.809517183927311,HYBRID_PROPAGATED,Bukchon Hanok Village,"POLYGON ((126.97249623607169 37.57489340697422, 126.9724960703851 37.575343904239986, 126.97193005313609 37.575343771010424, 126.97193022223244 37.574893273746795, 126.97249623607169 37.57489340697422))"
5*6*8*0*,5.798187934586779,HYBRID_PROPAGATED,Bukchon Hanok Village,"POLYGON ((126.95938896607973 37.57454968016954, 126.95938872143613 37.575000177400184, 126.9588227068668 37.57499998132657, 126.95882295492011 37.574549484099094, 126.95938896607973 37.57454968016954))"
5*7*2*8*,5.7925262,BASE_ONLY,,"POLYGON ((126.97047400165445 37.619110811492206, 126.97047382350189 37.61956130536643, 126.96990747121697 37.61956116229778, 126.96990765278674 37.61911066842588, 126.97047400165445 37.619110811492206))"
5*8*4*8*,5.77956351872895,HYBRID_PROPAGATED,Bukchon Hanok Village,"POLYGON ((126.9920591209337 37.57186316372357, 126.99205907310193 37.572313661268886, 126.99149307872568 37.57231362184047, 126.99149312996668 37.571863124295795, 126.9920591209337 37.57186316372357))"
5*6*6*7*,5.776915892806056,HYBRID_PROPAGATED,Bukchon Hanok Village,"POLYGON ((126.95761540916642 37.569881149958114, 126.95761515388178 37.57033164753581, 126.95704917465639 37.57033144298015, 126.95704943334997 37.569880945405764, 126.95761540916642 37.569881149958114))"
5*8*8*0*,5.76779704692595,HYBRID_PROPAGATED,Bukchon Hanok Village,"POLYGON ((126.96165951557205 37.57286347241762, 126.96165928462042 37.573313969789616, 126.96109328279748 37.57331378460961, 126.9610935171585 37.5728632872406, 126.96165951557205 37.57286347241762))"
5*2*9*3*,5.7510543,BASE_ONLY,,"POLYGON ((126.98205395907326 37.61552380191469, 126.98205385080526 37.61597429610127, 126.98148752567907 37.615974208617565, 126.98148763736363 37.6155237144324, 126.98205395907326 37.61552380191469))"
5*3*4*3*,5.7498508995387025,PLACE_PROPAGATED,Bukchon Hanok Village,"POLYGON ((127.00585511615348 37.60340557878474, 127.00585515146182 37.60385607391854, 127.00528891818861 37.60385610065183, 127.00528888629485 37.603405605517594, 127.00585511615348 37.60340557878474))"
5*6*6*1*,5.7460113,BASE_ONLY,,"POLYGON ((126.97669213537301 37.6167208990038, 126.97669199475123 37.617171393083545, 126.97612566056522 37.61717127986486, 126.97612580460378 37.61672078578694, 126.97669213537301 37.6167208990038))"
5*1*1*1*,5.7138686,BASE_ONLY,,"POLYGON ((126.98519263802515 37.61640599714895, 126.98519254868991 37.616856491275094, 126.98462621686369 37.61685641885275, 126.9846263096157 37.61640592472778, 126.98519263802515 37.61640599714895))"
5*1*7*0*,5.7097516,BASE_ONLY,,"POLYGON ((126.97673339432822 37.61957705437479, 126.97673325394094 37.62002754823607, 126.97616689809024 37.62002743520808, 126.97616704189483 37.61957694134863, 126.97673339432822 37.61957705437479))"
5*4*5*8*,5.6945863,BASE_ONLY,,"POLYGON ((126.971766070853 37.61142447731973, 126.97176590054364 37.61187497178736, 126.97119960654618 37.61187483494376, 126.97119978027143 37.61142434047835, 126.971766070853 37.61142447731973))"
5*4*0*0*,5.686748642780312,HYBRID_PROPAGATED,Seochon,"POLYGON ((126.95423857925039 37.59791460869198, 126.9542383033482 37.59836510410427, 126.95367211187052 37.598364883219695, 126.95367239118634 37.59791438781097, 126.95423857925039 37.59791460869198))"
5*9*9*2*,5.671171887759364,HYBRID_PROPAGATED,Bukchon Hanok Village,"POLYGON ((126.99259462449399 37.575557918498234, 126.99259457988188 37.57600841576144, 126.99202855754115 37.57600837889729, 126.99202860556312 37.57555788163468, 126.99259462449399 37.575557918498234))"
5*6*8*9*,5.661768191648373,HYBRID_PROPAGATED,Bukchon Hanok Village,"POLYGON ((127.00626928149944 37.58466314136519, 127.0062693192798 37.585113637932835, 127.0057032280021 37.58511366664142, 127.00570319363312 37.58466317007333, 127.00626928149944 37.58466314136519))"
5*8*2*2*,5.661349780034477,HYBRID_PROPAGATED,Gwanghwamun & Deoksugung Palace,"POLYGON ((126.97576808593925 37.56832900354497, 126.97576793999728 37.568779501324606, 126.9752019724109 37.5687793838001, 126.97520212176151 37.568328886022364, 126.97576808593925 37.56832900354497))"
5*0*3*9*,5.6551149198204005,HYBRID_PROPAGATED,Bukchon Hanok Village,"POLYGON ((126.96869067695944 37.576201166209664, 126.96869048833872 37.57665166336, 126.96812446121066 37.5766515118794, 126.96812465324133 37.57620101473151, 126.96869067695944 37.576201166209664))"
5*2*9*4*,5.650959299184665,HYBRID_PROPAGATED,Gwanghwamun & Deoksugung Palace,"POLYGON ((126.976701264585 37.56813770114458, 126.97670112426427 37.568588198941896, 126.97613515812148 37.56858808589155, 126.97613530185079 37.56813758809606, 126.976701264585 37.56813770114458))"
5*4*5*6*,5.640807031869192,HYBRID_PROPAGATED,Bukchon Hanok Village,"POLYGON ((126.99393676699512 37.58061371431043, 126.9939367304618 37.58106421118807, 126.99337066984634 37.581064180755654, 126.99337070979037 37.580613683878504, 126.99393676699512 37.58061371431043))"
5*2*5*1*,5.6389956,BASE_ONLY,,"POLYGON ((127.0046746827043 37.60503022009692, 127.00467471089587 37.60548071510724, 127.00410846530698 37.6054807361778, 127.00410844053023 37.60503024116714, 127.0046746827043 37.60503022009692))"
5*2*8*1*,5.6359863,BASE_ONLY,,"POLYGON ((126.983191555572 37.619937551477086, 126.98319145415098 37.62038804532858, 126.9826250955428 37.62038796329608, 126.9826252003812 37.61993746944592, 126.983191555572 37.619937551477086))"
5*3*0*3*,5.619278,BASE_ONLY,,"POLYGON ((126.96730032972269 37.616340093760556, 126.96730013244067 37.61679058783325, 126.96673380118902 37.61679042954253, 126.96673400188777 37.616339935472396, 126.96730032972269 37.616340093760556))"
5*9*2*2*,5.6164737,BASE_ONLY,,"POLYGON ((126.98264359247386 37.619851201251514, 126.9826434877468 37.62030169510831, 126.98207712979531 37.620301610446, 126.98207723793972 37.61985111659056, 126.98264359247386 37.619851201251514))"
5*4*3*7*,5.605510529666667,PLACE_PROPAGATED,Seochon,"POLYGON ((126.95982396780964 37.605138463873644, 126.95982372551946 37.60558895876614, 126.95925747925074 37.60558876464408, 126.95925772495575 37.605138269754725, 126.95982396780964 37.605138463873644))"
5*6*1*6*,5.6016307,BASE_ONLY,,"POLYGON ((126.97384783213042 37.618977410771755, 126.97384767433546 37.6194279046691, 126.97328132304597 37.61942777779349, 126.97328148425808 37.61897728389819, 126.97384783213042 37.618977410771755))"
5*3*9*5*,5.599157325237771,HYBRID_PROPAGATED,Bukchon Hanok Village,"POLYGON ((126.96838949933958 37.57654104361436, 126.96838930890212 37.576991540737374, 126.96782327920299 37.57699138781148, 126.9678234730505 37.57654089069095, 126.96838949933958 37.57654104361436))"
5*7*7*0*,5.592688403137085,HYBRID_PROPAGATED,Bukchon Hanok Village,"POLYGON ((126.99385925439553 37.57207871597857, 126.99385921740657 37.572529213509135, 126.99329322139674 37.572529182711094, 126.99329326179497 37.572078685181026, 126.99385925439553 37.57207871597857))"
5*1*3*9*,5.575250720372981,HYBRID_PROPAGATED,Bukchon Hanok Village,"POLYGON ((126.95739101707657 37.57269922548749, 126.95739076041434 37.573149722848285, 126.95682475986459 37.57314951720374, 126.95682501993623 37.572699019846276, 126.95739101707657 37.57269922548749))"
5*5*3*8*,5.555131,BASE_ONLY,,"POLYGON ((126.98177750056179 37.61361168051901, 126.98177739063352 37.61406217485123, 126.98121108000944 37.614062086044626, 126.98121119335399 37.61361159171383, 126.98177750056179 37.61361168051901))"
5*6*7*6*,5.5265174,BASE_ONLY,,"POLYGON ((126.96096784804837 37.61774227909622, 126.96096761254967 37.618192773030344, 126.96040127070245 37.61819258434291, 126.96040150961814 37.61774209041184, 126.96096784804837 37.61774227909622))"
5*0*1*3*,5.515666470388418,PLACE_PROPAGATED,Bukchon Hanok Village,"POLYGON ((127.00757162194394 37.602063664301944, 127.00757166760118 37.60251415953685, 127.00700544450073 37.602514194504536, 127.00700540225783 37.602063699269074, 127.00757162194394 37.602063664301944))"
5*5*8*1*,5.5107284,BASE_ONLY,,"POLYGON ((126.99842811999338 37.61537180082174, 126.99842811051032 37.61582229504193, 126.99786178650815 37.61582228613945, 126.99786179940779 37.6153717919194, 126.99842811999338 37.61537180082174))"
5*3*4*4*,5.4870324,BASE_ONLY,,"POLYGON ((126.9954763744686 37.6140299191398, 126.99547634717916 37.61448041346146, 126.99491003335544 37.61448039039402, 126.99491006406124 37.614029896072736, 126.9954763744686 37.6140299191398))"
5*8*3*1*,5.472001,BASE_ONLY,,"POLYGON ((126.97204686133477 37.61806648660396, 126.97204669267879 37.61851698056432, 126.97148034830752 37.61851684504779, 126.97148052038051 37.61806635108962, 126.97204686133477 37.61806648660396))"
5*3*8*4*,5.460326225315862,HYBRID_PROPAGATED,Bukchon Hanok Village,"POLYGON ((127.00224045509948 37.576329788034606, 127.002240468597 37.57678028524219, 127.00167444040878 37.576780294627866, 127.00167443032126 37.57632979742013, 127.00224045509948 37.576329788034606))"
5*2*2*9*,5.4553123,BASE_ONLY,,"POLYGON ((126.96663703893711 37.617370234680074, 126.9666368376459 37.61782072867092, 126.96607049858474 37.617820567193185, 126.96607070329287 37.61737007320494, 126.96663703893711 37.617370234680074))"
5*3*1*2*,5.449677139297936,HYBRID_PROPAGATED,Bukchon Hanok Village,"POLYGON ((126.99836259929383 37.583700101368855, 126.99836258942678 37.58415059801269, 126.997796505439 37.58415058880291, 126.9977965187173 37.58370009215921, 126.99836259929383 37.583700101368855))"
5*3*0*9*,5.332400643778436,HYBRID_PROPAGATED,Bukchon Hanok Village,"POLYGON ((126.95502475910455 37.592878356591974, 126.95502448799158 37.59332885239454, 126.95445833466553 37.59332863530611, 126.95445860919129 37.592878139507036, 126.95502475910455 37.592878356591974))"
5*5*9*4*,5.310404548696647,HYBRID_PROPAGATED,Bukchon Hanok Village,"POLYGON ((126.96505144290299 37.56819706148793, 126.96505123241874 37.56864755923401, 126.96448526588622 37.5686473903344, 126.96448547977909 37.56819689259103, 126.96505144290299 37.56819706148793))"
5*1*8*4*,5.251709756563773,HYBRID_PROPAGATED,Bukchon Hanok Village,"POLYGON ((126.99437125200848 37.56958701648924, 126.99437121810655 37.57003751421085, 126.9938052409519 37.570037485869165, 126.99380527826266 37.56958698814801, 126.99437125200848 37.56958701648924))"
5*1*7*7*,5.2045898405663,HYBRID_PROPAGATED,Bukchon Hanok Village,"POLYGON ((127.01145408301663 37.58500307275381, 127.01145415204282 37.585453569289115, 127.01088805819855 37.58545362286321, 127.0108879925838 37.58500312632704, 127.01145408301663 37.58500307275381))"
5*4*7*5*,5.1807504,BASE_ONLY,,"POLYGON ((126.97195896396549 37.61153952951393, 126.97195879481899 37.61199002397351, 126.97139249994815 37.61198988805519, 126.9713926725106 37.61153939359781, 126.97195896396549 37.61153952951393))"
5*3*1*6*,5.166269943425108,HYBRID_PROPAGATED,Bukchon Hanok Village,"POLYGON ((126.99909725659418 37.57127890625134, 126.99909725115663 37.57172940384564, 126.99853126119599 37.57172939816084, 126.99853127004269 37.571278900566625, 126.99909725659418 37.57127890625134))"
5*2*0*4*,5.144593,BASE_ONLY,,"POLYGON ((127.0045967556681 37.610143455944794, 127.00459678339483 37.61059395056386, 127.00403049904129 37.61059397126281, 127.00403047473027 37.61014347664342, 127.0045967556681 37.610143455944794))"
5*5*4*0*,5.1390424,BASE_ONLY,,"POLYGON ((126.97432066390576 37.61061038434298, 126.97432050901045 37.6110608788824, 126.97375422117376 37.6110607542997, 126.97375437948483 37.61061025976231, 126.97432066390576 37.61061038434298))"
5*3*0*4*,5.110062650072877,HYBRID_PROPAGATED,Bukchon Hanok Village,"POLYGON ((126.9903121238499 37.579506627800534, 126.99031206547907 37.57995712475894, 126.9897460132504 37.579957076946386, 126.98974607503177 37.57950657998874, 126.9903121238499 37.579506627800534))"
5*2*2*7*,5.1010613,BASE_ONLY,,"POLYGON ((126.96794773423795 37.60911847000094, 126.96794754091216 37.609568964629226, 126.96738126441956 37.609568809470844, 126.96738146116085 37.60911831484506, 126.96794773423795 37.60911847000094))"
5*4*3*8*,5.0964200464000005,PLACE_PROPAGATED,Bukchon Hanok Village,"POLYGON ((126.99033857160404 37.60768957834134, 126.99033851333338 37.60814007314322, 126.98977224759166 37.60814002542672, 126.98977230927763 37.607689530625606, 126.99033857160404 37.60768957834134))"
5*5*5*9*,5.080182186189279,HYBRID_PROPAGATED,Bukchon Hanok Village,"POLYGON ((126.9655711575312 37.57750344255463, 126.96557095010743 37.57795393959121, 126.9650049131395 37.57795377314806, 126.96500512397343 37.57750327611417, 126.9655711575312 37.57750344255463))"
5*6*9*7*,5.079493,BASE_ONLY,,"POLYGON ((126.98237468643185 37.61018535535398, 126.98237458011927 37.610635849949915, 126.98180829547456 37.61063576401582, 126.98180840520283 37.61018526942127, 126.98237468643185 37.61018535535398))"
5*6*1*5*,5.065985,BASE_ONLY,,"POLYGON ((126.95374081565947 37.61422700411506, 126.95374053659216 37.61467749827582, 126.95317422145993 37.61467727492114, 126.95317450394364 37.61422678076399, 126.95374081565947 37.61422700411506))"
5*1*9*2*,5.047365,BASE_ONLY,,"POLYGON ((126.97478692394847 37.62134975413137, 126.97478677180673 37.621800247850466, 126.97422040251654 37.62180012547542, 126.97422055807586 37.621349631758314, 126.97478692394847 37.62134975413137))"
5*3*3*1*,5.0382295,BASE_ONLY,,"POLYGON ((127.00700012376412 37.60959224616937, 127.00700016598664 37.61004274082869, 127.00643388581466 37.61004277305986, 127.00643384700774 37.609592278400015, 127.00700012376412 37.60959224616937))"
5*8*0*1*,5.0118165,BASE_ONLY,,"POLYGON ((126.97755191756166 37.621680950817094, 126.97755178210295 37.62213144451991, 126.97698541028852 37.622131335415254, 126.97698554916491 37.6216808417142, 126.97755191756166 37.621680950817094))"
5*3*6*3*,5.0067887,BASE_ONLY,,"POLYGON ((126.96247921133552 37.619496698298974, 126.96247898494121 37.619947192106785, 126.96191262977598 37.61994701066569, 126.96191285958754 37.61949651686082, 126.96247921133552 37.619496698298974))"
5*1*0*6*,4.997520257255651,HYBRID_PROPAGATED,Bukchon Hanok Village,"POLYGON ((126.99658691831876 37.56862871672679, 126.9965868977625 37.56907921452309, 126.99602092785719 37.56907919680402, 126.99602095182213 37.56862869900801, 126.99658691831876 37.56862871672679))"
5*5*4*4*,4.991654,BASE_ONLY,,"POLYGON ((126.97693124460207 37.62222715537706, 126.97693110539528 37.622677649036135, 126.97636472943952 37.62267753695101, 126.97636487206404 37.62222704329375, 126.97693124460207 37.62222715537706))"
5*5*2*4*,4.9630910228667,HYBRID_PROPAGATED,Bukchon Hanok Village,"POLYGON ((126.99165179755742 37.605969276392976, 126.99165174721028 37.60641977132814, 126.99108549450791 37.606419729914464, 126.99108554827005 37.60596923497996, 126.99165179755742 37.605969276392976))"
5*6*7*3*,4.959078351393965,HYBRID_PROPAGATED,Seochon,"POLYGON ((126.95819985681575 37.60107412850139, 126.95819960476797 37.60152462369576, 126.95763338931663 37.60152442179979, 126.95763364477858 37.60107392660868, 126.95819985681575 37.60107412850139))"
5*1*6*6*,4.927727086740975,HYBRID_PROPAGATED,Bukchon Hanok Village,"POLYGON ((126.98992292155296 37.60701860491092, 126.98992286077686 37.60746909976359, 126.98935660012259 37.60746905005346, 126.98935666431387 37.60701855520159, 126.98992292155296 37.60701860491092))"
5*8*5*2*,4.910488212726265,HYBRID_PROPAGATED,Bukchon Hanok Village,"POLYGON ((126.99276024509572 37.6050157169524, 126.99276020143502 37.605466211961726, 126.99219395595948 37.605466175867235, 126.99219400303502 37.6050156808585, 126.99276024509572 37.6050157169524))"
5*4*3*0*,4.90188448368079,HYBRID_PROPAGATED,Bukchon Hanok Village,"POLYGON ((127.0046185566483 37.573320077536565, 127.00461858446954 37.57377057497329, 127.0040525790628 37.573770595760294, 127.00405255465104 37.57332009832323, 127.0046185566483 37.573320077536565))"
5*7*2*5*,4.8887224,BASE_ONLY,,"POLYGON ((126.95269229875555 37.6147105998253, 126.95269201335789 37.6151610939423, 126.9521256945667 37.61516086555334, 126.95212598338084 37.614710371440026, 126.95269229875555 37.6147105998253))"
5*3*4*1*,4.840327,BASE_ONLY,,"POLYGON ((127.00527752379618 37.61245325859201, 127.00527755563182 37.612903753033834, 127.00471125376447 37.612903777000675, 127.0047112253449 37.61245328255846, 127.00527752379618 37.61245325859201))"
5*3*8*5*,4.838576,BASE_ONLY,,"POLYGON ((126.97468380046517 37.62269633082619, 126.97468364769374 37.62314682444187, 126.97411726818797 37.62314670156811, 126.97411742437723 37.62269620795443, 126.97468380046517 37.62269633082619))"
5*6*3*2*,4.830644,BASE_ONLY,,"POLYGON ((126.9903247125787 37.621725826590655, 126.99032465419488 37.62217632031827, 126.98975828200368 37.62217627251993, 126.98975834380514 37.621725778793106, 126.9903247125787 37.621725826590655))"
5*6*2*8*,4.829911608161783,HYBRID_PROPAGATED,Bukchon Hanok Village,"POLYGON ((127.00355874057558 37.57186337715383, 127.00355876201161 37.572313874702594, 127.00299276762858 37.57231389040778, 127.00299274960182 37.57186339285876, 127.00355874057558 37.57186337715383))"
5*7*2*7*,4.761334547,DIRECT_LIVE,,"POLYGON ((126.98312549457903 37.579841175124955, 126.98312539290647 37.580291672044645, 126.98255933816202 37.580291589770056, 126.98255944324517 37.5798410928517, 126.98312549457903 37.579841175124955))"
5*7*2*9*,4.7427373,BASE_ONLY,,"POLYGON ((126.95892471385741 37.619529064090905, 126.95892446601559 37.61997955787702, 126.95835811062925 37.61997935937588, 126.95835836188836 37.619528865592976, 126.95892471385741 37.619529064090905))"
5*2*0*9*,4.7325125,BASE_ONLY,,"POLYGON ((126.96456810718331 37.6230531204789, 126.96456789336565 37.62350361402499, 126.96400151120677 37.62350344259583, 126.9640017284423 37.62305294905252, 126.96456810718331 37.6230531204789))"
5*2*6*7*,4.691919,BASE_ONLY,,"POLYGON ((126.99619887383378 37.619608043680394, 126.99619885089831 37.62005853757553, 126.99563249476569 37.620058517972765, 126.99563252111844 37.61960802407795, 126.99619887383378 37.619608043680394))"
5*5*9*6*,4.691413840586154,HYBRID_PROPAGATED,Bukchon Hanok Village,"POLYGON ((126.9698199921186 37.59272322065177, 126.96981981019302 37.59317371654271, 126.9692536579451 37.59317357042238, 126.96925384328343 37.5927230745338, 126.9698199921186 37.59272322065177))"
5*5*9*8*,4.6772876,BASE_ONLY,,"POLYGON ((126.95714768998388 37.61912589560642, 126.95714743142355 37.61957638941313, 126.95658107910849 37.619576182385, 126.95658134108608 37.61912568858164, 126.95714768998388 37.61912589560642))"
5*4*0*9*,4.6564717,BASE_ONLY,,"POLYGON ((127.01770511833007 37.61180031988809, 127.01770522513024 37.61225081436022, 127.01713892823793 37.612250897962966, 127.01713882485375 37.611800403489475, 127.01770511833007 37.61180031988809))"
5*5*3*5*,4.644383819625821,HYBRID_PROPAGATED,Bukchon Hanok Village,"POLYGON ((126.98371297799073 37.57739242137542, 126.98371287986654 37.57784291848381, 126.98314684365828 37.57784283903077, 126.98314694519264 37.57739234192368, 126.98371297799073 37.57739242137542))"
5*2*5*6*,4.638868,BASE_ONLY,,"POLYGON ((127.00187403873772 37.617298255133875, 127.00187405004446 37.617748749206555, 127.00130771143097 37.6177487568416, 127.00130770354113 37.6172982627688, 127.00187403873772 37.617298255133875))"
5*5*4*2*,4.6318874,BASE_ONLY,,"POLYGON ((127.00066319013845 37.617777488093374, 127.00066319413978 37.618227982129596, 127.00009685189113 37.61822798395344, 127.00009685130676 37.61777748991719, 127.00066319013845 37.617777488093374))"
5*5*9*3*,4.6310508673357,HYBRID_PROPAGATED,Bukchon Hanok Village,"POLYGON ((126.97632416030174 37.59253466813958, 126.97632401758437 37.59298516406905, 126.97575786673416 37.59298504914733, 126.97575801286423 37.592534553219714, 126.97632416030174 37.59253466813958))"
5*5*7*6*,4.625857994373827,HYBRID_PROPAGATED,Bukchon Hanok Village,"POLYGON ((126.97153316508847 37.58536765982031, 126.97153299353543 37.58581815628097, 126.97096689699157 37.585818018401056, 126.97096707195612 37.585367521942615, 126.97153316508847 37.58536765982031))"
5*1*6*7*,4.544855,BASE_ONLY,,"POLYGON ((126.9662006174765 37.623585547065744, 126.96620041350651 37.62403604057886, 126.96563402729815 37.62403587698364, 126.9656342346861 37.62358538347318, 126.9662006174765 37.623585547065744))"
5*7*8*7*,4.471779183370317,HYBRID_PROPAGATED,Bukchon Hanok Village,"POLYGON ((126.96435339432158 37.580345115880405, 126.96435317953913 37.5807956126937, 126.9637871210659 37.58079544040031, 126.96378733925901 37.5803449435898, 126.96435339432158 37.580345115880405))"
5*7*6*0*,4.468890509186848,HYBRID_PROPAGATED,Bukchon Hanok Village,"POLYGON ((126.9718689015994 37.57809959839603, 126.97186873211405 37.57855009541412, 126.97130269059872 37.57854995916677, 126.97130286349433 37.57809946215089, 126.9718689015994 37.57809959839603))"
5*2*7*8*,4.4655013,BASE_ONLY,,"POLYGON ((126.99316219416482 37.62400230714265, 126.99316215289993 37.62445280069923, 126.99259576343289 37.62445276651836, 126.99259580811581 37.62400227296233, 126.99316219416482 37.62400230714265))"
5*2*8*9*,4.453631701737891,HYBRID_PROPAGATED,Bukchon Hanok Village,"POLYGON ((127.00866491397271 37.576396525175134, 127.00866496617422 37.57684702237278, 127.00809893748645 37.576847062562955, 127.00809888869496 37.57639656536465, 127.00866491397271 37.576396525175134))"
5*3*9*2*,4.452761016959585,HYBRID_PROPAGATED,Bukchon Hanok Village,"POLYGON ((127.01427676695937 37.57668805765751, 127.01427685297021 37.577138554824, 127.01371082208642 37.57713862192275, 127.01371073948563 37.576688124755165, 127.01427676695937 37.57668805765751))"
5*2*9*1*,4.443058023351855,HYBRID_PROPAGATED,Bukchon Hanok Village,"POLYGON ((126.99733259792143 37.58915360182829, 126.99733258184433 37.58960409805455, 126.99676645655619 37.58960408390338, 126.99676647604542 37.58915358767735, 126.99733259792143 37.58915360182829))"
5*5*1*6*,4.438010361511787,HYBRID_PROPAGATED,Bukchon Hanok Village,"POLYGON ((127.01660132752556 37.5785905572168, 127.01660142754764 37.5790410542328, 127.01603538226806 37.5790411324809, 127.01603528565634 37.578590635463634, 127.01660132752556 37.5785905572168))"
5*1*4*6*,4.4310865,BASE_ONLY,,"POLYGON ((127.01380084695847 37.60840316713794, 127.01380093019723 37.60885366187855, 127.01323465905236 37.60885372674098, 127.01323457922898 37.608403231999326, 127.01380084695847 37.60840316713794))"
5*2*8*6*,4.390533128770991,HYBRID_PROPAGATED,Bukchon Hanok Village,"POLYGON ((126.97403089441373 37.59489824572883, 126.97403073785927 37.5953487414696, 126.97346456911255 37.59534861554123, 126.97346472908012 37.59489811980248, 126.97403089441373 37.59489824572883))"
5*2*4*5*,4.378935390756243,HYBRID_PROPAGATED,Bukchon Hanok Village,"POLYGON ((127.01477620313938 37.57477598665962, 127.01477629215294 37.5752264839714, 127.01421027574335 37.57522655346192, 127.01421019013951 37.57477605614902, 127.01477620313938 37.57477598665962))"
5*3*9*0*,4.369667460066106,HYBRID_PROPAGATED,Bukchon Hanok Village,"POLYGON ((126.97464151289546 37.58434731312413, 126.97464136008023 37.58479780967438, 126.9740752712485 37.58479768670447, 126.97407542747504 37.58434719015618, 126.97464151289546 37.58434731312413))"
5*3*3*2*,4.3642077,BASE_ONLY,,"POLYGON ((127.01036221965076 37.61494964685288, 127.01036228216445 37.61540014109817, 127.00979596137223 37.61540018946794, 127.00979590227503 37.61494969522187, 127.01036221965076 37.61494964685288))"
5*7*4*5*,4.360329,BASE_ONLY,,"POLYGON ((126.980785956435 37.62720211919432, 126.98078584046841 37.6276526124838, 126.9802194267499 37.627652518890045, 126.98021954613507 37.627202025602074, 126.980785956435 37.62720211919432))"
5*6*8*2*,4.360281405467799,HYBRID_PROPAGATED,Bukchon Hanok Village,"POLYGON ((126.99774806843926 37.595120069648374, 126.99774805486341 37.59557056541822, 126.99718188437657 37.59557055325802, 126.9971819013656 37.595120057488366, 126.99774806843926 37.595120069648374))"
5*2*4*4*,4.3503942,BASE_ONLY,,"POLYGON ((126.96275899771217 37.625894350781344, 126.96275877295426 37.62634484410091, 126.96219236924881 37.62634466397665, 126.96219259742509 37.625894170660004, 126.96275899771217 37.625894350781344))"
5*8*3*3*,4.342017,BASE_ONLY,,"POLYGON ((126.98945622601093 37.62671919396928, 126.98945616237495 37.62716968731347, 126.98888975229825 37.627169635340685, 126.98888981935272 37.62671914199733, 126.98945622601093 37.62671919396928))"
5*7*0*2*,4.3172755,BASE_ONLY,,"POLYGON ((126.97128408720519 37.627712970592896, 126.97128391388677 37.62816346381194, 126.97071749633162 37.628163324604216, 126.9707176730687 37.627712831387434, 126.97128408720519 37.627712970592896))"
5*2*0*2*,4.3156856239631365,HYBRID_PROPAGATED,Bukchon Hanok Village,"POLYGON ((126.97748838694476 37.59948036518755, 126.97748825121134 37.599930860589225, 126.97692204772976 37.599930751234645, 126.97692218687706 37.599480255834735, 126.97748838694476 37.59948036518755))"
5*5*1*9*,4.295324812215125,HYBRID_PROPAGATED,Bukchon Hanok Village,"POLYGON ((126.9900849111468 37.59708280804129, 126.99008485136909 37.59753330365453, 126.98951866601936 37.59753325473277, 126.98951872921054 37.597082759120326, 126.9900849111468 37.59708280804129))"
5*5*7*7*,4.284155007926881,HYBRID_PROPAGATED,Bukchon Hanok Village,"POLYGON ((126.9708864313997 37.58618861130253, 126.970886255944 37.586639107697835, 126.97032015318634 37.58663896671367, 126.9703203320537 37.58618847032064, 126.9708864313997 37.58618861130253))"
5*4*2*8*,4.278034229666667,PLACE_PROPAGATED,Seochon,"POLYGON ((126.96092118188243 37.60337529891102, 126.96092094622422 37.60382579394444, 126.96035471331264 37.60382560509431, 126.96035495238542 37.60337511006395, 126.96092118188243 37.60337529891102))"
5*2*7*0*,4.250199997530317,HYBRID_PROPAGATED,Gwanghwamun & Deoksugung Palace,"POLYGON ((126.95421371887231 37.569956928727876, 126.95421344309835 37.570407426279154, 126.95364746332568 37.57040720541483, 126.95364774250856 37.56995670786714, 126.95421371887231 37.569956928727876))"
5*2*2*6*,4.2261840055924305,HYBRID_PROPAGATED,Bukchon Hanok Village,"POLYGON ((126.98061583938751 37.5938964051834, 126.98061572253452 37.59434690102139, 126.98004956135175 37.59434680668229, 126.98004968161769 37.593896310845835, 126.98061583938751 37.5938964051834))"
5*2*9*0*,4.223357023548838,HYBRID_PROPAGATED,Bukchon Hanok Village,"POLYGON ((126.97522556549386 37.591934436522436, 126.97522541615743 37.59238493249417, 126.97465926985889 37.59238481230455, 126.97465942260794 37.59193431633475, 126.97522556549386 37.591934436522436))"
5*7*0*3*,4.2160735,BASE_ONLY,,"POLYGON ((126.99338466671877 37.62721787899656, 126.99338462679182 37.62766837230721, 126.99281821292473 37.62766833919175, 126.99281825627025 37.62721784588164, 126.99338466671877 37.62721787899656))"
5*0*8*7*,4.2126216450000005,DIRECT_LIVE,,"POLYGON ((126.9797387746721 37.58959889663368, 126.97973865255086 37.590049392798115, 126.97917252392593 37.590049294261554, 126.97917264945939 37.58959879809873, 126.9797387746721 37.58959889663368))"
5*3*9*1*,4.190018493786788,HYBRID_PROPAGATED,Bukchon Hanok Village,"POLYGON ((126.966988038924 37.5902117869604, 126.96698783994539 37.59066228303121, 126.96642170673766 37.5906621233361, 126.96642190912861 37.590211627267884, 126.966988038924 37.5902117869604))"
5*3*6*9*,4.1837884272231225,HYBRID_PROPAGATED,Bukchon Hanok Village,"POLYGON ((126.96474284059431 37.59733989512648, 126.96474262802822 37.597790390641286, 126.96417644083112 37.597790220149925, 126.96417665681076 37.59733972463786, 126.96474284059431 37.59733989512648))"
5*1*2*9*,4.165835939449,PLACE_PROPAGATED,Changdeokgung Palace & Jongmyo Shrine,"POLYGON ((127.02168266592088 37.5761119670228, 127.02168279654607 37.57656246421506, 127.02111677004554 37.57656256682306, 127.02111664283031 37.57611206962915, 127.02168266592088 37.5761119670228))"
5*5*9*9*,4.141211730923471,HYBRID_PROPAGATED,Bukchon Hanok Village,"POLYGON ((126.96900395578587 37.590129593299544, 126.96900376895867 37.590580089385504, 126.96843763636222 37.59057993935975, 126.96843782660173 37.590129443276204, 126.96900395578587 37.590129593299544))"
5*5*4*1*,4.108862258830223,HYBRID_PROPAGATED,Bukchon Hanok Village,"POLYGON ((126.97453946738561 37.59579773185437, 126.9745393138921 37.596248227528115, 126.97397313832799 37.59624810403679, 126.97397329523479 37.59579760836505, 126.97453946738561 37.59579773185437))"
5*9*5*1*,4.100305341529605,HYBRID_PROPAGATED,Bukchon Hanok Village,"POLYGON ((126.96588662386543 37.57866801613269, 126.96588641833364 37.57911851308165, 126.96532037254782 37.57911834814682, 126.96532058149 37.578667851200514, 126.96588662386543 37.57866801613269))"
5*5*2*8*,4.099035814183173,HYBRID_PROPAGATED,Bukchon Hanok Village,"POLYGON ((126.95995587762279 37.5952441189025, 126.95995563621423 37.59569461455288, 126.95938946492828 37.59569442110697, 126.95938970975 37.595243925459705, 126.95995587762279 37.5952441189025))"
5*9*7*4*,4.0964856,BASE_ONLY,,"POLYGON ((127.01717592044447 37.61594083442873, 127.01717602406788 37.61639132858525, 127.01660969577408 37.616391409655996, 127.01660959556735 37.61594091549817, 127.01717592044447 37.61594083442873))"
5*5*2*9*,4.095484699815957,HYBRID_PROPAGATED,Bukchon Hanok Village,"POLYGON ((126.9880540582383 37.579693171881196, 126.98805398626179 37.58014366882198, 126.98748793262524 37.58014361018127, 126.9874880080123 37.579693113241426, 126.9880540582383 37.579693171881196))"
5*4*5*9*,4.08710980078362,HYBRID_PROPAGATED,Bukchon Hanok Village,"POLYGON ((126.97783537634874 37.594349558442275, 126.9778352427322 37.59480005423763, 126.97726907812644 37.59479994656022, 126.977269215156 37.59434945076659, 126.97783537634874 37.594349558442275))"
5*3*1*0*,4.07587368366518,HYBRID_PROPAGATED,Bukchon Hanok Village,"POLYGON ((126.9753860122465 37.57677771099086, 126.97538586395825 37.57722820812285, 126.9748198324332 37.57722808874382, 126.97481998413149 37.57677759161377, 126.9753860122465 37.57677771099086))"
5*4*6*2*,4.04662714,DIRECT_LIVE,,"POLYGON ((126.98204860945233 37.5799176607861, 126.982048501291 37.580368157697364, 126.98148244597084 37.58036807025869, 126.98148255754276 37.579917573348844, 126.98204860945233 37.5799176607861))"
5*1*5*3*,4.031841824642815,HYBRID_PROPAGATED,Bukchon Hanok Village,"POLYGON ((126.9720470714913 37.60138649916638, 126.97204690293796 37.60183699440331, 126.97148068503478 37.6018368589389, 126.97148085700233 37.60138636370417, 126.9720470714913 37.60138649916638))"
5*2*7*3*,4.030993559435995,HYBRID_PROPAGATED,Bukchon Hanok Village,"POLYGON ((126.9831519767786 37.60249882347391, 126.98315187518266 37.60294931865994, 126.9825856488053 37.60294923647003, 126.98258575381564 37.60249874128534, 126.9831519767786 37.60249882347391))"
5*1*2*0*,4.029417233631394,HYBRID_PROPAGATED,Bukchon Hanok Village,"POLYGON ((126.96753737416832 37.59726562036697, 126.96753717845105 37.59771611590048, 126.9669709918002 37.59771595881513, 126.966971190931 37.59726546328415, 126.96753737416832 37.59726562036697))"
5*7*4*2*,4.026676101925347,HYBRID_PROPAGATED,Bukchon Hanok Village,"POLYGON ((126.96478080547098 37.58074269722816, 126.96478059326078 37.58119319401312, 126.96421453177481 37.581193023767774, 126.96421474739573 37.58074252698556, 126.96478080547098 37.58074269722816))"
5*4*1*4*,4.0162725633426115,HYBRID_PROPAGATED,Bukchon Hanok Village,"POLYGON ((126.98575989335681 37.595603122758924, 126.98575980750832 37.596053618478216, 126.98519363337947 37.59605354881122, 126.98519372264123 37.595603053093065, 126.98575989335681 37.595603122758924))"
5*6*5*1*,4.0064716,BASE_ONLY,,"POLYGON ((127.02226001450856 37.61424834806075, 127.02226014879645 37.61469884233301, 127.02169383335551 37.61469894779907, 127.02169370248404 37.6142484535251, 127.02226001450856 37.61424834806075))"
5*3*7*3*,3.990254674900513,HYBRID_PROPAGATED,Bukchon Hanok Village,"POLYGON ((126.98801685151882 37.604933775918575, 126.98801677925239 37.605384270927914, 126.9874505344062 37.60538421207492, 126.98745061008744 37.60493371706653, 126.98801685151882 37.604933775918575))"
5*5*3*4*,3.988193413040863,HYBRID_PROPAGATED,Bukchon Hanok Village,"POLYGON ((126.98006892119973 37.593798039804796, 126.98006880105021 37.59424853564883, 126.97950264061456 37.594248438686506, 126.97950276417701 37.59379794284405, 126.98006892119973 37.593798039804796))"
5*5*8*8*,3.9841937296666665,PLACE_PROPAGATED,Seochon,"POLYGON ((126.96337812598624 37.604761022815744, 126.96337790513317 37.6052115177559, 126.96281166170172 37.60521134068812, 126.96281188596954 37.60476084575082, 126.96337812598624 37.604761022815744))"
5*4*1*3*,3.9674177784470053,HYBRID_PROPAGATED,Bukchon Hanok Village,"POLYGON ((126.97711696889519 37.58701654425831, 126.97711683098427 37.58746704061255, 126.97655072192799 37.587466929507535, 126.97655086325067 37.58701643315509, 126.97711696889519 37.58701654425831))"
5*2*7*1*,3.9467098818688866,HYBRID_PROPAGATED,Bukchon Hanok Village,"POLYGON ((126.96335075910429 37.5806418691309, 126.9633505382783 37.58109236591649, 126.96278447756467 37.58109218881399, 126.96278470180138 37.58064169203124, 126.96335075910429 37.5806418691309))"
5*7*4*1*,3.9291435023707666,HYBRID_PROPAGATED,Bukchon Hanok Village,"POLYGON ((126.96760372471206 37.59017235619235, 126.96760352944476 37.59062285226896, 126.96703739653218 37.590622695527024, 126.9670375952118 37.590172199452965, 126.96760372471206 37.59017235619235))"
5*5*4*5*,3.9260187296666667,PLACE_PROPAGATED,Seochon,"POLYGON ((126.96388368100867 37.60518289724191, 126.9638834632011 37.60563339215231, 126.96331721656853 37.60563321750849, 126.9633174377909 37.605182722600915, 126.96388368100867 37.60518289724191))"
5*3*6*0*,3.9205368116128807,HYBRID_PROPAGATED,Bukchon Hanok Village,"POLYGON ((126.96390254975002 37.59752495754549, 126.96390233211635 37.597975453042004, 126.96333614352223 37.59797527851892, 126.96333636456946 37.59752478302521, 126.96390254975002 37.59752495754549))"
5*4*3*3*,3.9195371038835214,HYBRID_PROPAGATED,Bukchon Hanok Village,"POLYGON ((126.95910144124777 37.58815930366035, 126.95910119475116 37.58860979984811, 126.95853507714048 37.588609602335154, 126.95853532704906 37.5881591061506, 126.95910144124777 37.58815930366035))"
5*3*3*8*,3.9131673356684065,HYBRID_PROPAGATED,Bukchon Hanok Village,"POLYGON ((126.970714261427 37.59031938946481, 126.97071408490741 37.59076988554334, 126.97014795086429 37.5907697437202, 126.97014813079626 37.59031924764396, 126.970714261427 37.59031938946481))"
5*2*0*3*,3.8935393989917566,HYBRID_PROPAGATED,Bukchon Hanok Village,"POLYGON ((126.97125291058174 37.590777140796654, 126.97125273730599 37.59122763684231, 126.97068659979274 37.591227497601295, 126.97068677648093 37.59077700155789, 126.97125291058174 37.590777140796654))"
5*9*4*9*,3.889627396595331,HYBRID_PROPAGATED,Bukchon Hanok Village,"POLYGON ((126.98662994123116 37.59677894498888, 126.98662986062443 37.59722944061984, 126.98606367758433 37.597229375124684, 126.98606376160447 37.59677887949477, 126.98662994123116 37.59677894498888))"
5*7*7*3*,3.883566695855583,HYBRID_PROPAGATED,Bukchon Hanok Village,"POLYGON ((126.97888351592624 37.59011267472342, 126.97888338864773 37.59056317084612, 126.97831725613426 37.59056306820628, 126.9783173868251 37.590112572085246, 126.97888351592624 37.59011267472342))"
5*2*6*3*,3.8790939236021282,HYBRID_PROPAGATED,Bukchon Hanok Village,"POLYGON ((126.97254507679442 37.59027023781467, 126.97254491131034 37.590720733904114, 126.97197877763043 37.590720600862404, 126.97197894652686 37.59027010477511, 126.97254507679442 37.59027023781467))"
5*9*5*5*,3.8777152455057546,HYBRID_PROPAGATED,Bukchon Hanok Village,"POLYGON ((126.98714852260865 37.593691236308565, 126.98714844513704 37.59414173217673, 126.98658228548999 37.594141669173666, 126.98658236637452 37.59369117330652, 126.98714852260865 37.593691236308565))"
5*4*4*8*,3.8479372237307174,HYBRID_PROPAGATED,Bukchon Hanok Village,"POLYGON ((126.97731306442213 37.58906999557216, 126.97731292768295 37.589520491769896, 126.97674680307327 37.58952038160023, 126.97674694322461 37.58906988540427, 126.97731306442213 37.58906999557216))"
5*2*6*8*,3.846682904280246,HYBRID_PROPAGATED,Bukchon Hanok Village,"POLYGON ((126.98165979794281 37.57792877909063, 126.98165968744672 37.57837927615307, 126.98109364718452 37.57837918685399, 126.98109376109088 37.57792868979298, 126.98165979794281 37.57792877909063))"
5*3*8*9*,3.826779622350195,HYBRID_PROPAGATED,Bukchon Hanok Village,"POLYGON ((126.977809082115 37.60790584151167, 126.97780894827457 37.60835633626956, 126.97724268092864 37.608356228432875, 126.97724281818441 37.60790573367674, 126.977809082115 37.60790584151167))"
5*7*8*0*,3.825938997548252,HYBRID_PROPAGATED,Bukchon Hanok Village,"POLYGON ((126.96766061502949 37.5909390117008, 126.96766042009968 37.591389507718986, 126.9670942813795 37.59138935124721, 126.96709447972174 37.59093885523156, 126.96766061502949 37.5909390117008))"
5*2*4*3*,3.824555946358646,HYBRID_PROPAGATED,Bukchon Hanok Village,"POLYGON ((126.98177768844673 37.59972391411433, 126.98177757857462 37.600174409509385, 126.98121137323196 37.60017432073166, 126.98121148651802 37.59972382533804, 126.98177768844673 37.59972391411433))"
5*5*4*3*,3.8187591223820805,HYBRID_PROPAGATED,Bukchon Hanok Village,"POLYGON ((126.96888608412922 37.59862374150015, 126.96888589653415 37.59907423693563, 126.96831969958451 37.59907408631557, 126.96831989059336 37.59862359088253, 126.96888608412922 37.59862374150015))"
5*8*2*1*,3.8096564512207225,HYBRID_PROPAGATED,Bukchon Hanok Village,"POLYGON ((126.97721503409485 37.600561781542524, 126.97721489670789 37.60101227686058, 126.976648685032 37.60101216619191, 126.97664882583302 37.60056167087565, 126.97721503409485 37.600561781542524))"
5*8*2*8*,3.778287536,DIRECT_LIVE,,"POLYGON ((126.9697744442218 37.583662877698934, 126.96977426208117 37.58411337428295, 126.96920817845593 37.584113227974136, 126.96920836400778 37.58366273139249, 126.9697744442218 37.583662877698934))"
5*2*0*6*,3.778258169452373,HYBRID_PROPAGATED,Bukchon Hanok Village,"POLYGON ((126.97333052773199 37.586111550368486, 126.9733303670063 37.586562046779065, 126.97276426482028 37.58656191751686, 126.97276442895762 37.58611142110836, 126.97333052773199 37.586111550368486))"
5*6*9*9*,3.768912574847072,HYBRID_PROPAGATED,Seochon,"POLYGON ((126.96163212083498 37.60280050043495, 126.96163188946876 37.60325099551613, 126.96106566090906 37.603250810079345, 126.96106589568974 37.602800315001154, 126.96163212083498 37.60280050043495))"
5*1*7*8*,3.74094980782758,HYBRID_PROPAGATED,Seochon,"POLYGON ((126.95798309996766 37.6010572877551, 126.95798284661302 37.60150778294951, 126.9574166312909 37.60150758001371, 126.9574168880597 37.601057084822585, 126.95798309996766 37.6010572877551))"
5*1*7*2*,3.734768545,DIRECT_LIVE,,"POLYGON ((126.97554837216252 37.577280873646444, 126.97554822484976 37.57773137074047, 126.97498218951517 37.5777312521386, 126.9749823402381 37.57728075504649, 126.97554837216252 37.577280873646444))"
5*5*3*3*,3.7328988554358875,HYBRID_PROPAGATED,Bukchon Hanok Village,"POLYGON ((126.96831970046952 37.59187384350074, 126.96831950950602 37.592324339450315, 126.96775336370067 37.592324186136565, 126.96775355807678 37.59187369018949, 126.96831970046952 37.59187384350074))"
5*2*5*8*,3.7302898583818167,HYBRID_PROPAGATED,Bukchon Hanok Village,"POLYGON ((126.97061349141157 37.60125519436129, 126.97061331421473 37.60170568960261, 126.97004709731391 37.60170554726093, 126.97004727792493 37.60125505202192, 126.97061349141157 37.60125519436129))"
5*3*4*2*,3.72563269711895,HYBRID_PROPAGATED,Bukchon Hanok Village,"POLYGON ((126.98905800526194 37.59039908970103, 126.98905793930894 37.590849585824245, 126.98849180459707 37.59084953198452, 126.98849187396246 37.590399035862184, 126.98905800526194 37.59039908970103))"
5*1*9*1*,3.716038139458696,HYBRID_PROPAGATED,Bukchon Hanok Village,"POLYGON ((126.96795453855026 37.593685207915904, 126.96795434537299 37.59413570372525, 126.96738818584741 37.59413554865365, 126.96738838243759 37.5936850528468, 126.96795453855026 37.593685207915904))"
5*4*0*2*,3.712516945819553,HYBRID_PROPAGATED,Bukchon Hanok Village,"POLYGON ((126.97006338278865 37.591325657173954, 126.97006320233932 37.59177615317286, 126.96949706067718 37.59177600822456, 126.96949724453901 37.59132551222801, 126.97006338278865 37.591325657173954))"
5*2*4*2*,3.710005656743847,HYBRID_PROPAGATED,Bukchon Hanok Village,"POLYGON ((126.989824946793 37.597371874566534, 126.98982488544732 37.597822370157296, 126.9892586979077 37.597822319988126, 126.98925876266692 37.59737182439818, 126.989824946793 37.597371874566534))"
5*0*8*8*,3.7091424699999997,DIRECT_LIVE,,"POLYGON ((126.99423465100546 37.58444045967696, 126.99423461626223 37.58489095626205, 126.99366852667109 37.58489092725552, 126.99366856482568 37.584440430670895, 126.99423465100546 37.58444045967696))"
5*9*9*3*,3.7032063,BASE_ONLY,,"POLYGON ((126.96829923470693 37.6188179183343, 126.9682990434344 37.619268412221786, 126.96773269338286 37.619268258716396, 126.96773288807258 37.6188177648314, 126.96829923470693 37.6188179183343))"
5*3*7*4*,3.6986231813803236,HYBRID_PROPAGATED,Bukchon Hanok Village,"POLYGON ((126.967755989426 37.602751193644934, 126.9677557949883 37.60320168875965, 126.96718956676453 37.603201532703665, 126.96718976461666 37.60275103759148, 126.967755989426 37.602751193644934))"
5*6*6*5*,3.6871511604372884,HYBRID_PROPAGATED,Bukchon Hanok Village,"POLYGON ((126.9782921188084 37.58352572147758, 126.97829198799631 37.58397621810252, 126.97772590537082 37.583976112641906, 126.97772603959409 37.583525616018655, 126.9782921188084 37.58352572147758))"
5*3*6*5*,3.6836539272030087,HYBRID_PROPAGATED,Bukchon Hanok Village,"POLYGON ((126.97437572814503 37.599006097333465, 126.97437557364654 37.59945659276113, 126.97380937377213 37.59945646847532, 126.97380953168445 37.599005973049664, 126.97437572814503 37.599006097333465))"
5*1*2*6*,3.681142943769607,HYBRID_PROPAGATED,Bukchon Hanok Village,"POLYGON ((126.9582241915916 37.58984122403639, 126.95822393979252 37.59029172009047, 126.95765780944892 37.590291518362434, 126.95765806466027 37.589841022311624, 126.9582241915916 37.58984122403639))"
5*4*4*2*,3.6804549182585067,HYBRID_PROPAGATED,Bukchon Hanok Village,"POLYGON ((126.97424772421425 37.58891919880627, 126.97424756900041 37.58936969500533, 126.97368144554594 37.589369570133975, 126.9736816041719 37.58891907393694, 126.97424772421425 37.58891919880627))"
5*4*7*6*,3.6673065726200353,HYBRID_PROPAGATED,Bukchon Hanok Village,"POLYGON ((126.96932386974898 37.588581825909124, 126.96932368486036 37.58903232211488, 126.96875756398556 37.58903217362874, 126.96875775228621 37.58858167742539, 126.96932386974898 37.588581825909124))"
5*4*0*1*,3.655147307215741,HYBRID_PROPAGATED,Bukchon Hanok Village,"POLYGON ((126.98191588198888 37.589133088567756, 126.98191577299163 37.58958358477358, 126.98134964788754 37.58958349668001, 126.98134976029692 37.58913300047562, 126.98191588198888 37.589133088567756))"
5*7*9*7*,3.65459914,DIRECT_LIVE,,"POLYGON ((126.98163268075491 37.57755510276734, 126.98163257009692 37.5780055998583, 126.98106653266355 37.578005510429946, 126.9810666467317 37.57755501334042, 126.98163268075491 37.57755510276734))"
5*0*3*8*,3.65185165083766,HYBRID_PROPAGATED,Bukchon Hanok Village,"POLYGON ((126.97807420475027 37.58797766153477, 126.97807407260383 37.58842815781841, 126.97750795626459 37.588428051301996, 126.97750809182298 37.587977555020075, 126.97807420475027 37.58797766153477))"
5*3*6*7*,3.6440616624548055,HYBRID_PROPAGATED,Bukchon Hanok Village,"POLYGON ((126.98237538844332 37.59448139291049, 126.98237528219514 37.59493188870819, 126.98180911657465 37.5949318028081, 126.98180922623588 37.594481307011776, 126.98237538844332 37.59448139291049))"
5*0*4*9*,3.638494825,DIRECT_LIVE,,"POLYGON ((126.97717018769971 37.58027391212137, 126.97717005014299 37.58072440899167, 126.97660399214318 37.58072429815883, 126.97660413311058 37.580273801290325, 126.97717018769971 37.58027391212137))"
5*1*8*7*,3.6371669499999997,DIRECT_LIVE,,"POLYGON ((126.99098043184864 37.57962876934618, 126.9909803775042 37.580079266296096, 126.99041432434973 37.580079221688095, 126.99041438210472 37.579628724738896, 126.99098043184864 37.57962876934618))"
5*2*5*9*,3.6367955675781047,HYBRID_PROPAGATED,Bukchon Hanok Village,"POLYGON ((126.96727192188396 37.591660234222644, 126.96727172460615 37.5921107301839, 126.96670558042486 37.59211057184521, 126.96670578111524 37.59166007588651, 126.96727192188396 37.591660234222644))"
5*4*2*6*,3.6302017089098837,HYBRID_PROPAGATED,Bukchon Hanok Village,"POLYGON ((126.97522342403069 37.594360262555206, 126.97522327466828 37.59481075834132, 126.9746571099922 37.59481063813482, 126.97465726276764 37.59436014235065, 126.97522342403069 37.594360262555206))"
5*6*5*8*,3.610082660299004,HYBRID_PROPAGATED,Bukchon Hanok Village,"POLYGON ((126.98164258208175 37.607014403631666, 126.98164247136593 37.60746489846845, 126.98107621076444 37.607464809027775, 126.98107632489547 37.60701431419243, 126.98164258208175 37.607014403631666))"
5*3*6*1*,3.6072561564958754,HYBRID_PROPAGATED,Bukchon Hanok Village,"POLYGON ((126.96730348561954 37.588456634862325, 126.96730328855475 37.58890713106885, 126.96673716863936 37.58890697289302, 126.96673736911619 37.58845647668905, 126.96730348561954 37.588456634862325))"
5*6*1*2*,3.600356934262273,HYBRID_PROPAGATED,Bukchon Hanok Village,"POLYGON ((126.98437891715388 37.58851055097746, 126.98437882300404 37.58896104723663, 126.9838127026078 37.588960970957466, 126.9838128001697 37.58851047469954, 126.98437891715388 37.58851055097746))"
5*9*1*3*,3.595088968907545,HYBRID_PROPAGATED,Bukchon Hanok Village,"POLYGON ((126.9751759059823 37.592994483060444, 126.97517575634079 37.593444978950906, 126.97460960201205 37.59344485852021, 126.97460975506635 37.5929943626317, 126.9751759059823 37.592994483060444))"
5*3*1*1*,3.5879142014998044,HYBRID_PROPAGATED,Bukchon Hanok Village,"POLYGON ((126.97860035300154 37.60052851931529, 126.97860022396782 37.60097901464011, 126.97803401253861 37.60097891061757, 126.97803414498642 37.60052841529442, 126.97860035300154 37.60052851931529))"
5*3*6*8*,3.587612201366982,HYBRID_PROPAGATED,Bukchon Hanok Village,"POLYGON ((126.97539508766744 37.60377216965548, 126.97539493928954 37.60422266472194, 126.9748287032891 37.60422254531343, 126.97482885508164 37.60377205024891, 126.97539508766744 37.60377216965548))"
5*2*8*5*,3.583634520548211,HYBRID_PROPAGATED,Bukchon Hanok Village,"POLYGON ((126.96796038903379 37.594363304534, 126.96796019588707 37.59481380029148, 126.96739403122413 37.59481364524555, 126.96739422778386 37.594363149490576, 126.96796038903379 37.594363304534))"
5*0*0*6*,3.581664376909285,HYBRID_PROPAGATED,Bukchon Hanok Village,"POLYGON ((126.96951646337082 37.58849806624809, 126.96951627964356 37.58894856246105, 126.96895015940214 37.58894841489891, 126.96895034654145 37.588497918688326, 126.96951646337082 37.58849806624809))"
5*3*3*9*,3.579244777444957,HYBRID_PROPAGATED,Bukchon Hanok Village,"POLYGON ((126.969811698294 37.58841672491151, 126.96981151634667 37.58886722113195, 126.96924539671976 37.58886707498606, 126.9692455820791 37.58841657876799, 126.969811698294 37.58841672491151))"
5*5*1*0*,3.5767762533621688,HYBRID_PROPAGATED,Bukchon Hanok Village,"POLYGON ((126.97035991322028 37.60308811802061, 126.9703597344826 37.603538613120605, 126.969793503691 37.60353846955642, 126.9697936858432 37.60308797445874, 126.97035991322028 37.60308811802061))"
5*4*8*1*,3.5753070056303815,HYBRID_PROPAGATED,Bukchon Hanok Village,"POLYGON ((126.97242766959026 37.598389887244096, 126.97242750334985 37.598840382711785, 126.97186130815412 37.59884024908239, 126.97186147780823 37.59838975361686, 126.97242766959026 37.598389887244096))"
5*4*9*6*,3.573698857326219,HYBRID_PROPAGATED,Bukchon Hanok Village,"POLYGON ((126.97400803206591 37.59156619561983, 126.97400787539242 37.59201669161549, 126.97344173188884 37.59201656558697, 126.97344189197486 37.59156606959334, 126.97400803206591 37.59156619561983))"
5*6*6*4*,3.5726250108030646,HYBRID_PROPAGATED,Bukchon Hanok Village,"POLYGON ((126.96848007576646 37.58960947154052, 126.96847988578517 37.59005996766403, 126.9679137571313 37.59005981512735, 126.96791395052483 37.58960931900631, 126.96848007576646 37.58960947154052))"
5*8*1*4*,3.5718664612975615,HYBRID_PROPAGATED,Changdeokgung Palace & Jongmyo Shrine,"POLYGON ((127.00015101419822 37.58614174418784, 127.00015101510832 37.58659224064504, 126.99958491263034 37.586592240011804, 126.99958491513189 37.58614174355463, 127.00015101419822 37.58614174418784))"
5*3*3*7*,3.5704535967880893,HYBRID_PROPAGATED,Bukchon Hanok Village,"POLYGON ((126.97178769750789 37.58650012773666, 126.97178752748182 37.58695062411169, 126.97122142236044 37.58695048744898, 126.97122159579823 37.58649999107616, 126.97178769750789 37.58650012773666))"
5*1*9*7*,3.5662983572016533,HYBRID_PROPAGATED,Bukchon Hanok Village,"POLYGON ((126.97120276620632 37.58857033467422, 126.97120259264213 37.58902083088854, 126.97063647184456 37.58902069141399, 126.97063664882083 37.58857019520192, 126.97120276620632 37.58857033467422))"
5*9*5*3*,3.56622722968993,HYBRID_PROPAGATED,Bukchon Hanok Village,"POLYGON ((126.97346368864407 37.59768327797194, 126.97346352865416 37.59813377349754, 126.97289733880794 37.59813364484024, 126.97289750221144 37.597683149316715, 126.97346368864407 37.59768327797194))"
5*0*0*0*,3.5567198994941926,HYBRID_PROPAGATED,Bukchon Hanok Village,"POLYGON ((126.97019281939478 37.60645462440185, 126.97019263962765 37.60690511924354, 126.96962638331827 37.60690497486667, 126.96962656650047 37.60645448002731, 126.97019281939478 37.60645462440185))"
5*4*2*3*,3.556572121445773,HYBRID_PROPAGATED,Changdeokgung Palace & Jongmyo Shrine,"POLYGON ((126.99660434284061 37.58277515230763, 126.99660432237889 37.58322564902164, 126.99603824539574 37.58322563138023, 126.99603826926855 37.58277513466651, 126.99660434284061 37.58277515230763))"
5*0*4*1*,3.5467305428254146,HYBRID_PROPAGATED,Gyeongbokgung Palace,"POLYGON ((126.97508219026543 37.584756756772194, 126.9750820401036 37.58520725329266, 126.97451594816935 37.58520713243498, 126.9745161017426 37.58475663591647, 126.97508219026543 37.584756756772194))"
5*3*4*5*,3.5443643556582365,HYBRID_PROPAGATED,Bukchon Hanok Village,"POLYGON ((126.97143892187955 37.60094393266911, 126.9714387496619 37.60139442793753, 126.97087253511586 37.601394289556865, 126.97087271074767 37.600943794290686, 126.97143892187955 37.60094393266911))"
5*9*3*5*,3.5426082968096506,HYBRID_PROPAGATED,Bukchon Hanok Village,"POLYGON ((126.9810379418685 37.584532481061345, 126.98103782759864 37.58498297761693, 126.98047173733974 37.584982885322184, 126.98047185502098 37.58453238876808, 126.9810379418685 37.584532481061345))"
5*8*8*5*,3.5416890776841465,HYBRID_PROPAGATED,Bukchon Hanok Village,"POLYGON ((126.9624076288771 37.594126802418835, 126.96240740225822 37.59457729816783, 126.96184123942085 37.59457711648732, 126.96184146945271 37.59412662074127, 126.9624076288771 37.594126802418835))"
5*2*7*5*,3.541001633733914,HYBRID_PROPAGATED,Bukchon Hanok Village,"POLYGON ((126.97363321115637 37.595672995669496, 126.97363305220003 37.59612349134955, 126.97306687758517 37.596123363511296, 126.97306703995474 37.595672867833315, 126.97363321115637 37.595672995669496))"
5*5*8*3*,3.5400962934371694,HYBRID_PROPAGATED,Gyeongbokgung Palace,"POLYGON ((126.97673838285644 37.58422491335342, 126.976738242678 37.58467540992005, 126.97617215476416 37.58467529700648, 126.97617229835392 37.58422480044166, 126.97673838285644 37.58422491335342))"
5*2*3*7*,3.5333066131833153,HYBRID_PROPAGATED,Bukchon Hanok Village,"POLYGON ((126.96708320886525 37.589393560237994, 126.96708301046613 37.589844056371845, 126.96651688345553 37.58984389713615, 126.96651708526686 37.58939340100488, 126.96708320886525 37.589393560237994))"
5*6*3*0*,3.5247086867152313,HYBRID_PROPAGATED,Bukchon Hanok Village,"POLYGON ((126.97405308765524 37.6005898868745, 126.97405293120245 37.601040382179825, 126.9734867193271 37.6010402563417, 126.97348687919394 37.600589761038414, 126.97405308765524 37.6005898868745))"
5*4*4*5*,3.524190468623025,HYBRID_PROPAGATED,Bukchon Hanok Village,"POLYGON ((126.96724617374835 37.588698618594975, 126.96724597633641 37.589149114782714, 126.96667985458855 37.58914895633114, 126.96668005541255 37.58869846014595, 126.96724617374835 37.588698618594975))"
5*1*2*4*,3.5040829899999997,DIRECT_LIVE,,"POLYGON ((126.98010860604305 37.58045176790023, 126.98010848619043 37.58090226476557, 126.97954242683305 37.58090216802292, 126.97954255009633 37.58045167115913, 126.98010860604305 37.58045176790023))"
5*2*7*2*,3.4947118577883196,HYBRID_PROPAGATED,Bukchon Hanok Village,"POLYGON ((126.9752373711396 37.598052519933475, 126.97523722184138 37.598503015437096, 126.97467102918921 37.59850289528745, 126.97467118190107 37.59805239978578, 126.9752373711396 37.598052519933475))"
5*4*6*1*,3.4923644,BASE_ONLY,,"POLYGON ((126.99615895530152 37.615713599118145, 126.99615893212845 37.61616409331133, 126.99559260553524 37.61616407351879, 126.99559263212495 37.615713579325906, 126.99615895530152 37.615713599118145))"
5*2*6*4*,3.490600160427122,HYBRID_PROPAGATED,Bukchon Hanok Village,"POLYGON ((126.97571849668296 37.590785370287136, 126.97571835032387 37.591235866348455, 126.97515221272754 37.59123574852627, 126.97515236249905 37.59078525246685, 126.97571849668296 37.590785370287136))"
5*3*6*2*,3.48803404,DIRECT_LIVE,,"POLYGON ((126.97657829237727 37.576351399243315, 126.97657815127415 37.57680189641183, 126.97601212297103 37.57680178275079, 126.97601226748417 37.5763512855841, 126.97657829237727 37.576351399243315))"
5*3*2*1*,3.4856145820869906,HYBRID_PROPAGATED,Bukchon Hanok Village,"POLYGON ((126.96843949678801 37.60064839345858, 126.96843930648645 37.6010988887372, 126.96787309419597 37.60109873596777, 126.96787328791164 37.6006482406916, 126.96843949678801 37.60064839345858))"
5*7*0*0*,3.4839644386900503,HYBRID_PROPAGATED,Changdeokgung Palace & Jongmyo Shrine,"POLYGON ((126.99423706451091 37.59104163416189, 126.99423702977396 37.59149213024189, 126.99367089018708 37.591492101242494, 126.9936709283365 37.59104160516298, 126.99423706451091 37.59104163416189))"
5*4*4*6*,3.475303017225713,HYBRID_PROPAGATED,Gyeongbokgung Palace,"POLYGON ((126.97495612387398 37.583778867991455, 126.97495597295774 37.58422936458631, 126.97438988842909 37.58422924312674, 126.97439004275655 37.58377874653386, 126.97495612387398 37.583778867991455))"
5*2*0*1*,3.454963,BASE_ONLY,,"POLYGON ((126.95993195013615 37.61723875952978, 126.95993170839179 37.61768925349682, 126.9593653703709 37.61768905983997, 126.95936561553216 37.61723856587605, 126.95993195013615 37.61723875952978))"
5*6*5*9*,3.439756057295071,HYBRID_PROPAGATED,Seochon,"POLYGON ((126.96268285912399 37.57972858059173, 126.96268263428104 37.58017907744382, 126.96211658048615 37.58017889714222, 126.96211680873968 37.57972840029306, 126.96268285912399 37.57972858059173))"
5*2*0*8*,3.4095560890136074,HYBRID_PROPAGATED,Gwanghwamun & Deoksugung Palace,"POLYGON ((126.95932153925631 37.58780000497903, 126.9593212940894 37.5882505011955, 126.95875517919843 37.58825030473976, 126.95875542777725 37.58779980852647, 126.95932153925631 37.58780000497903))"
5*2*9*9*,3.4073820465383586,HYBRID_PROPAGATED,Gyeongbokgung Palace,"POLYGON ((126.97467488426324 37.57798015871942, 126.97467473168413 37.578430655756954, 126.97410869105983 37.578430532964795, 126.9741088470492 37.577980035929244, 126.97467488426324 37.57798015871942))"
5*4*8*8*,3.399625565184215,HYBRID_PROPAGATED,Gyeongbokgung Palace,"POLYGON ((126.9784906162387 37.58448415422107, 126.9784904866183 37.584934650773256, 126.97792439673445 37.58493454626229, 126.97792452976624 37.58448404971178, 126.9784906162387 37.58448415422107))"
5*5*5*1*,3.3850729498877197,HYBRID_PROPAGATED,Gwanghwamun & Deoksugung Palace,"POLYGON ((126.96853929993092 37.59183788279544, 126.96853911029137 37.59228837874871, 126.96797296475724 37.59228822648841, 126.96797315780937 37.591837730537605, 126.96853929993092 37.59183788279544))"
5*9*1*5*,3.3460361467919544,HYBRID_PROPAGATED,Gwanghwamun & Deoksugung Palace,"POLYGON ((126.95993010441885 37.587182118001415, 126.95992986292511 37.58763261426856, 126.95936375270952 37.58763242073426, 126.95936399761506 37.587181924470244, 126.95993010441885 37.587182118001415))"
5*1*5*8*,3.34282776,DIRECT_LIVE,,"POLYGON ((126.97614718331508 37.578215478880566, 126.9761470396051 37.57866597590508, 126.97558099719302 37.578665860172045, 126.9755811443133 37.57821536314938, 126.97614718331508 37.578215478880566))"
5*5*1*1*,3.307467,BASE_ONLY,,"POLYGON ((126.96304798751382 37.62631854114635, 126.96304776449658 37.62676903443493, 126.96248135757043 37.62676885569616, 126.96248158400607 37.62631836241048, 126.96304798751382 37.62631854114635))"
5*5*1*4*,3.3055062570000002,DIRECT_LIVE,,"POLYGON ((126.99277195768973 37.57726864349456, 126.99277191414325 37.57771914062705, 126.99220587885294 37.577719104611774, 126.99220592580957 37.57726860747985, 126.99277195768973 37.57726864349456))"
5*4*2*2*,3.3039605630100044,HYBRID_PROPAGATED,Gyeongbokgung Palace,"POLYGON ((126.97973267600995 37.57841245268693, 126.9797325539012 37.578862949707236, 126.97916650998408 37.57886285116644, 126.97916663550315 37.57841235414773, 126.97973267600995 37.57841245268693))"
5*0*9*1*,3.2798958055518868,HYBRID_PROPAGATED,Changdeokgung Palace & Jongmyo Shrine,"POLYGON ((126.98463901578624 37.584072958522995, 126.98463892321885 37.584523455122245, 126.98407283642877 37.58452338009815, 126.98407293240746 37.5840728835001, 126.98463901578624 37.584072958522995))"
5*3*7*6*,3.2587345338408245,HYBRID_PROPAGATED,Seochon,"POLYGON ((126.96782486607646 37.587385685344856, 126.96782467216154 37.58783618163565, 126.96725856035438 37.587836025964215, 126.96725875768114 37.587385529675934, 126.96782486607646 37.587385685344856))"
5*1*5*1*,3.2533985372997734,HYBRID_PROPAGATED,Changdeokgung Palace & Jongmyo Shrine,"POLYGON ((127.00981448032499 37.595764080508566, 127.00981453949333 37.59621457622286, 127.00924836413414 37.59621462194462, 127.00924830837907 37.5957641262296, 127.00981448032499 37.595764080508566))"
5*0*1*1*,3.253363,BASE_ONLY,,"POLYGON ((126.96675989662089 37.612084493994615, 126.96675969610912 37.61253498839055, 126.96619339713382 37.61253482752168, 126.96619360106163 37.61208433312832, 126.96675989662089 37.612084493994615))"
5*6*1*4*,3.2521381,BASE_ONLY,,"POLYGON ((126.99132294613733 37.61106093153204, 126.99132289379732 37.61151142607715, 126.99075660249272 37.61151138308061, 126.99075665824859 37.61106088853618, 126.99132294613733 37.61106093153204))"
5*1*7*3*,3.2434043215076436,HYBRID_PROPAGATED,Changdeokgung Palace & Jongmyo Shrine,"POLYGON ((126.98711955781188 37.58572187436343, 126.98711948018796 37.58617237084133, 126.98655338090491 37.586172307710804, 126.9865534619404 37.58572181123391, 126.98711955781188 37.58572187436343))"
5*5*5*8*,3.22321355,DIRECT_LIVE,,"POLYGON ((126.983870102412 37.5753076767211, 126.98387000524176 37.57575817398933, 126.98330398481346 37.57575809529344, 126.98330408539354 37.575307598026484, 126.983870102412 37.5753076767211))"
5*3*4*6*,3.2081385,BASE_ONLY,,"POLYGON ((126.9677979796796 37.60747701736922, 126.96779778546205 37.60792751212246, 126.9672315214149 37.607927356251274, 126.96723171904772 37.60747686150056, 126.9677979796796 37.60747701736922))"
5*3*8*3*,3.2020188578338113,HYBRID_PROPAGATED,Gwanghwamun & Deoksugung Palace,"POLYGON ((126.9713563272927 37.57289254918506, 126.97135615475158 37.57334304659952, 126.9707901526518 37.57334290791071, 126.97079032860232 37.57289241049849, 126.9713563272927 37.57289254918506))"
5*6*5*7*,3.1910610328327866,HYBRID_PROPAGATED,Seochon,"POLYGON ((126.96881232163985 37.58757057659883, 126.96881213367494 37.58802107287978, 126.968246020462 37.58802092194361, 126.9682462118388 37.58757042566509, 126.96881232163985 37.58757057659883))"
5*8*8*9*,3.1899741085000692,HYBRID_PROPAGATED,Gwanghwamun & Deoksugung Palace,"POLYGON ((126.95918433592847 37.57438662028116, 126.95918409005361 37.57483711752316, 126.95861807671989 37.57483692046912, 126.95861832600444 37.57438642323032, 126.95918433592847 37.57438662028116))"
5*3*8*2*,3.1881883396556363,HYBRID_PROPAGATED,Seochon,"POLYGON ((126.9692145857846 37.57591122692321, 126.96921440032207 37.57636172409795, 126.96864837538583 37.576361575130385, 126.96864856425825 37.57591107795805, 126.9692145857846 37.57591122692321))"
5*7*7*6*,3.1768066776829036,HYBRID_PROPAGATED,Seochon,"POLYGON ((126.96049267332434 37.59372606277497, 126.96049243516494 37.59417655854445, 126.9599262753765 37.59417636768003, 126.95992651694881 37.593725871913634, 126.96049267332434 37.59372606277497))"
5*7*8*1*,3.1738753063089686,HYBRID_PROPAGATED,Gyeongbokgung Palace,"POLYGON ((126.9809116806517 37.582850308752036, 126.98091156562796 37.583300805436004, 126.98034548810732 37.583300712539284, 126.98034560654216 37.582850215856794, 126.9809116806517 37.582850308752036))"
5*7*0*9*,3.17370486,DIRECT_LIVE,,"POLYGON ((126.98242794223542 37.580259561984484, 126.98242783635834 37.5807100588705, 126.98186177844849 37.58070997325016, 126.98186188773619 37.580259476365526, 126.98242794223542 37.580259561984484))"
5*7*6*6*,3.162022078890639,HYBRID_PROPAGATED,Gwanghwamun & Deoksugung Palace,"POLYGON ((126.96684044773194 37.59377361807826, 126.96684024783805 37.59422411387584, 126.96627408764903 37.59422395345991, 126.96627429095584 37.59377345766492, 126.96684044773194 37.59377361807826))"
5*3*6*6*,3.1508919414418672,HYBRID_PROPAGATED,Bukchon Hanok Village,"POLYGON ((126.97158702002679 37.60733191928855, 126.97158684866268 37.6077824140687, 126.97102058569543 37.60778227637865, 126.97102076047477 37.60733178160073, 126.97158702002679 37.60733191928855))"
5*0*5*5*,3.105082943,DIRECT_LIVE,,"POLYGON ((126.97026136159894 37.57811099161696, 126.97026118242835 37.57856148862776, 126.96969514083492 37.57856134467213, 126.9696953234158 37.57811084766365, 126.97026136159894 37.57811099161696))"
5*8*4*7*,3.0937706491220958,HYBRID_PROPAGATED,Seochon,"POLYGON ((126.96213930016562 37.58883862101813, 126.96213907197267 37.58928911717035, 126.96157294919594 37.5892889342246, 126.96157318080097 37.58883843807532, 126.96213930016562 37.58883862101813))"
5*4*3*9*,3.09348681618268,HYBRID_PROPAGATED,Bukchon Hanok Village,"POLYGON ((126.9809378867584 37.604445238069154, 126.9809377718031 37.60489573310076, 126.98037153067958 37.60489564028424, 126.98037164904959 37.60444514525413, 126.9809378867584 37.604445238069154))"
5*4*2*7*,3.071991513260163,HYBRID_PROPAGATED,Seochon,"POLYGON ((126.96557878605357 37.58667596193355, 126.96557857860715 37.587126458268365, 126.96501247218816 37.58712629182726, 126.9650126830463 37.586675795495154, 126.96557878605357 37.58667596193355))"
5*6*7*7*,3.0615427480961945,HYBRID_PROPAGATED,Seochon,"POLYGON ((126.96413095300878 37.57984891765454, 126.96413073688993 37.58029941450471, 126.96356468217475 37.580299241146584, 126.96356490170419 37.57984874429921, 126.96413095300878 37.57984891765454))"
5*2*8*3*,3.04878706099359,HYBRID_PROPAGATED,Seochon,"POLYGON ((126.96778375777635 37.584625388308446, 126.96778356363302 37.58507588481028, 126.96721747273013 37.585075728951416, 126.96721767028482 37.58462523245211, 126.96778375777635 37.584625388308446))"
5*1*3*4*,3.035734877304297,HYBRID_PROPAGATED,Bukchon Hanok Village,"POLYGON ((126.9751598376042 37.60461556373596, 126.97515968780307 37.60506605873708, 126.97459344541079 37.60506593819759, 126.97459359862665 37.60461544319841, 126.9751598376042 37.60461556373596))"
5*7*4*6*,3.0255492196420453,HYBRID_PROPAGATED,Bukchon Hanok Village,"POLYGON ((126.96573939929647 37.60455091970776, 126.96573919268496 37.60500141467552, 126.96517295083143 37.60500124893776, 126.96517316085772 37.604550753972674, 126.96573939929647 37.60455091970776))"
5*8*1*5*,3.024782724664179,HYBRID_PROPAGATED,Changdeokgung Palace & Jongmyo Shrine,"POLYGON ((126.99377275811256 37.59926513181103, 126.9937727205658 37.59971562726136, 126.9932065186737 37.59971559602903, 126.99320655963434 37.59926510057919, 126.99377275811256 37.59926513181103))"
5*1*0*8*,3.01965104832588,HYBRID_PROPAGATED,Bukchon Hanok Village,"POLYGON ((126.96779288200159 37.605696781481676, 126.96779268776575 37.60614727637113, 126.96722643721435 37.606147120481765, 126.96722663486514 37.60569662559482, 126.96779288200159 37.605696781481676))"
5*4*1*1*,3.018618229557285,HYBRID_PROPAGATED,Bukchon Hanok Village,"POLYGON ((126.96658242744343 37.605044746417065, 126.96658222591229 37.60549524135094, 126.9660159803105 37.60549507965615, 126.96601618525648 37.60504458472488, 126.96658242744343 37.605044746417065))"
5*2*3*1*,3.0100372880209494,HYBRID_PROPAGATED,Changdeokgung Palace & Jongmyo Shrine,"POLYGON ((126.98747514307341 37.584849714097395, 126.9874750675948 37.585300210642664, 126.98690897491568 37.5853001492187, 126.98690905380573 37.58484965267442, 126.98747514307341 37.584849714097395))"
5*7*9*5*,2.983649030267877,HYBRID_PROPAGATED,Bukchon Hanok Village,"POLYGON ((126.98015932306876 37.6047171250472, 126.98015920341712 37.605167620055916, 126.97959296023534 37.60516752350332, 126.97959308330176 37.604717028496175, 126.98015932306876 37.6047171250472))"
5*9*7*3*,2.9708309804956183,HYBRID_PROPAGATED,Gyeongbokgung Palace,"POLYGON ((126.97960544390712 37.581618729547, 126.97960532101762 37.58206922632166, 126.97903925282668 37.582069127163564, 126.97903937912706 37.581618630390516, 126.97960544390712 37.581618729547))"
5*6*9*5*,2.9691767745200615,HYBRID_PROPAGATED,Gwanghwamun & Deoksugung Palace,"POLYGON ((126.97391525164788 37.57248598508104, 126.97391509452326 37.572936482536235, 126.97334909548815 37.57293635611733, 126.97334925602209 37.57248585866418, 126.97391525164788 37.57248598508104))"
5*6*0*9*,2.954935094751619,HYBRID_PROPAGATED,Changdeokgung Palace & Jongmyo Shrine,"POLYGON ((126.99921349565763 37.59436924806251, 126.99921349091628 37.59481974389012, 126.99864732611749 37.59481973875951, 126.99864733427188 37.594369242932, 126.99921349565763 37.59436924806251))"
5*0*0*8*,2.9452401180207812,HYBRID_PROPAGATED,Changdeokgung Palace & Jongmyo Shrine,"POLYGON ((126.99111157088082 37.589872230104355, 126.99111151730672 37.59032272627068, 126.990545386582 37.59032268228118, 126.99054544356835 37.589872186115564, 126.99111157088082 37.589872230104355))"
5*3*2*6*,2.944495448002489,HYBRID_PROPAGATED,Seochon,"POLYGON ((126.95937942603871 37.59170097145025, 126.95937918118628 37.592151467368566, 126.95881303674696 37.592151271173165, 126.958813285012 37.591700775258026, 126.95937942603871 37.59170097145025))"
5*4*4*1*,2.942725,BASE_ONLY,,"POLYGON ((126.9851687731846 37.614925210706176, 126.98516868371011 37.6153757049456, 126.98460236311463 37.61537563241117, 126.9846024560056 37.61492513817292, 126.9851687731846 37.614925210706176))"
5*4*4*7*,2.9365217296666666,PLACE_PROPAGATED,Seochon,"POLYGON ((126.96145369306359 37.604482488459865, 126.96145346060733 37.60493298341137, 126.96088721929979 37.604932797111466, 126.96088745517082 37.60448230216296, 126.96145369306359 37.604482488459865))"
5*4*5*7*,2.911509908166184,HYBRID_PROPAGATED,Changdeokgung Palace & Jongmyo Shrine,"POLYGON ((126.98911657081314 37.60142849098976, 126.98911650518704 37.60187898626907, 126.98855028690713 37.60187893269676, 126.98855035594745 37.60142843741831, 126.98911657081314 37.60142849098976))"
5*0*4*6*,2.9085012941634654,HYBRID_PROPAGATED,Seochon,"POLYGON ((126.96258394270717 37.59074362000276, 126.96258371717867 37.59119411601155, 126.96201757996954 37.59119393519059, 126.96201780891045 37.59074343918475, 126.96258394270717 37.59074362000276))"
5*6*0*1*,2.889439903237768,HYBRID_PROPAGATED,Seochon,"POLYGON ((126.96174622555029 37.592118700561265, 126.96174599496096 37.592569196460445, 126.9611798473409 37.592569011615716, 126.96118008134289 37.59211851571952, 126.96174622555029 37.592118700561265))"
5*5*1*2*,2.87884668,DIRECT_LIVE,,"POLYGON ((126.99122201092855 37.5740196887661, 126.99122195805037 37.574470186145476, 126.99065594735436 37.57447014270148, 126.99065600364216 37.574019645322814, 126.99122201092855 37.5740196887661))"
5*7*9*6*,2.863792964681914,HYBRID_PROPAGATED,Bukchon Hanok Village,"POLYGON ((126.96736038652473 37.602346968006664, 126.96736018970435 37.602797463150544, 126.96679396454657 37.602797305198, 126.96679416478135 37.60234681005669, 126.96736038652473 37.602346968006664))"
5*4*1*6*,2.8464697389126132,HYBRID_PROPAGATED,Seochon,"POLYGON ((126.96904915017024 37.583030087139136, 126.9690489636632 37.583480583768534, 126.9684828848334 37.583480433983596, 126.96848307475156 37.583029937356635, 126.96904915017024 37.583030087139136))"
5*4*1*8*,2.8231523,BASE_ONLY,,"POLYGON ((126.98628981749268 37.61254842091021, 126.98628973478839 37.61299891533374, 126.98572343221453 37.61299884818287, 126.98572351833492 37.612548353760424, 126.98628981749268 37.61254842091021))"
5*3*2*5*,2.822829108278559,HYBRID_PROPAGATED,Seochon,"POLYGON ((126.96439619039738 37.57910547171902, 126.96439597588238 37.57955596862738, 126.96382992679393 37.579555796544035, 126.96383014471938 37.579105299638464, 126.96439619039738 37.57910547171902))"
5*1*1*2*,2.802415469312408,HYBRID_PROPAGATED,Gyeongbokgung Palace,"POLYGON ((126.97622789340815 37.57983982656719, 126.97622775017604 37.580290323467686, 126.97566169546651 37.5802902081174, 126.97566184210919 37.579839711218774, 126.97622789340815 37.57983982656719))"
5*3*9*8*,2.7770386351369716,HYBRID_PROPAGATED,Seochon,"POLYGON ((126.9666277760739 37.584203331965995, 126.96662757496738 37.58465382849489, 126.96606148726715 37.58465366709377, 126.96606169178499 37.58420317056747, 126.9666277760739 37.584203331965995))"
5*2*3*6*,2.776108403571497,HYBRID_PROPAGATED,Seochon,"POLYGON ((126.9737230858502 37.57983006715288, 126.97372292752615 37.58028056404551, 126.9731568729015 37.580280436684085, 126.97315703463615 37.57982993979352, 126.9737230858502 37.57983006715288))"
5*0*3*6*,2.7714172555920213,HYBRID_PROPAGATED,Changdeokgung Palace & Jongmyo Shrine,"POLYGON ((126.99205744120714 37.587677434209326, 126.99205739333796 37.58812793054468, 126.9914912792355 37.58812789109387, 126.99149133051658 37.58767739475917, 126.99205744120714 37.587677434209326))"
5*4*8*5*,2.722016217167812,HYBRID_PROPAGATED,Seochon,"POLYGON ((126.96830270207467 37.58218163190574, 126.96830251107544 37.58263212859683, 126.96773643867408 37.58263197523518, 126.96773663308429 37.58218147854657, 126.96830270207467 37.58218163190574))"
5*4*8*0*,2.7188148713839095,HYBRID_PROPAGATED,Changdeokgung Palace & Jongmyo Shrine,"POLYGON ((126.99097370571401 37.58543938428615, 126.99097365131765 37.585889880791484, 126.99040755416631 37.58588983614528, 126.9904076119742 37.58543933964066, 126.99097370571401 37.58543938428615))"
5*4*0*6*,2.683418954,DIRECT_LIVE,,"POLYGON ((126.97860127796282 37.576684752176945, 126.97860114904556 37.57713524932621, 126.97803511821115 37.57713514536434, 126.97803525053848 37.57668464821674, 126.97860127796282 37.576684752176945))"
5*1*8*5*,2.6785907157245057,HYBRID_PROPAGATED,Bukchon Hanok Village,"POLYGON ((126.96133849445553 37.59996448478574, 126.96133826134253 37.60041498008239, 126.96077205427865 37.600414793248824, 126.96077229080564 37.5999642979552, 126.96133849445553 37.59996448478574))"
5*3*3*6*,2.671169,BASE_ONLY,,"POLYGON ((126.97107893625574 37.61291468715124, 126.97107876179216 37.61336518150213, 126.97051245649794 37.61336504135649, 126.97051263437768 37.612914547007875, 126.97107893625574 37.61291468715124))"
5*0*8*5*,2.5525029,BASE_ONLY,,"POLYGON ((126.97061417761878 37.61518605930882, 126.9706140003371 37.615636553484, 126.97004767781996 37.615636411100766, 126.97004785851821 37.61518591692788, 126.97061417761878 37.61518605930882))"
5*2*9*2*,2.48735221,DIRECT_LIVE,,"POLYGON ((126.96789584142881 37.58315904260593, 126.96789564797113 37.58360953922045, 126.96732956817122 37.58360938390426, 126.96732976504002 37.583158887292264, 126.96789584142881 37.58315904260593))"
5*2*4*8*,2.34099396,DIRECT_LIVE,,"POLYGON ((126.99184231091812 37.572495550709135, 126.99184226177928 37.57294604820582, 126.99127626261748 37.57294600773734, 126.99127631516566 37.572495510241296, 126.99184231091812 37.572495550709135))"
5*6*3*8*,2.28185712055165,HYBRID_PROPAGATED,Changdeokgung Palace & Jongmyo Shrine,"POLYGON ((126.9927678429643 37.58869815197147, 126.99276779937506 37.58914864822947, 126.99220167754078 37.58914861218497, 126.9922017245421 37.588698115927556, 126.9927678429643 37.58869815197147))"
5*3*8*6*,2.2807028,BASE_ONLY,,"POLYGON ((126.97188092685376 37.61009706950749, 126.97188075724533 37.61054756407716, 126.97131447331226 37.61054742778881, 126.97131464633637 37.61009693322135, 126.97188092685376 37.61009706950749))"
5*1*0*3*,2.225227144468693,HYBRID_PROPAGATED,Bukchon Hanok Village,"POLYGON ((126.97571497865896 37.602061408656034, 126.97571483221917 37.60251190385449, 126.97514860918402 37.602511785985335, 126.97514875903815 37.60206129078878, 126.97571497865896 37.602061408656034))"
5*4*1*2*,2.1320282219505557,HYBRID_PROPAGATED,Bukchon Hanok Village,"POLYGON ((126.96109065225141 37.601559118460614, 126.96109041763052 37.60200961363393, 126.96052419848316 37.60200942560459, 126.96052443651828 37.60155893043432, 126.96109065225141 37.601559118460614))"
5*5*9*2*,2.1216125779599833,HYBRID_PROPAGATED,Seochon,"POLYGON ((126.97307831054228 37.581205264397404, 126.97307814832527 37.58165576118244, 126.97251208329196 37.58165563072511, 126.97251224891977 37.58120513394216, 126.97307831054228 37.581205264397404))"
5*8*6*9*,2.083234765491194,HYBRID_PROPAGATED,Gyeongbokgung Palace,"POLYGON ((126.97530639495093 37.5799836414698, 126.97530624616583 37.58043413835623, 126.97474019037142 37.58043401858674, 126.97474034256712 37.579983521702246, 126.97530639495093 37.5799836414698))"
5*4*4*4*,2.0251763,BASE_ONLY,,"POLYGON ((126.96897844341407 37.607800893083414, 126.96897825631397 37.608251387817, 126.96841198980492 37.608251237608854, 126.96841218032033 37.60780074287769, 126.96897844341407 37.607800893083414))"
5*7*8*9*,1.9274907578315628,HYBRID_PROPAGATED,Gwanghwamun & Deoksugung Palace,"POLYGON ((126.97703713565618 37.57250317448762, 126.97703699733653 37.57295367195204, 126.97647099815788 37.57295356050082, 126.97647113988685 37.572503063038205, 126.97703713565618 37.57250317448762))"
5*5*8*0*,1.9044243,BASE_ONLY,,"POLYGON ((126.97627274264522 37.609599651982066, 126.97627259952988 37.61005014660546, 126.97570631934828 37.610050031392596, 126.97570646587921 37.609599536771064, 126.97627274264522 37.609599651982066))"
5*6*9*8*,1.6854730063325967,HYBRID_PROPAGATED,Gwanghwamun & Deoksugung Palace,"POLYGON ((126.95444932802691 37.57853026423147, 126.95444905358721 37.5789807611283, 126.95388300892375 37.57898054135096, 126.95388328677383 37.57853004445768, 126.95444932802691 37.57853026423147))"
5*4*4*9*,1.5152409,BASE_ONLY,,"POLYGON ((126.96112609935577 37.61492452978065, 126.96112586483565 37.615375023931286, 126.96055954435865 37.615374836015306, 126.96055978229522 37.6149243418677, 126.96112609935577 37.61492452978065))"
5*5*2*5*,1.3236626,BASE_ONLY,,"POLYGON ((127.00355469699886 37.61333029406233, 127.00355471844254 37.61378078843807, 127.00298840992325 37.61378080413776, 127.00298839189578 37.61333030976176, 127.00355469699886 37.61333029406233))"
