grid_id,lon,lat,avg_flow,weekday_weekend_gap,hourly_concentration,card_sales_amount,card_sales_count,rainfall_mean,rainfall_impact,bus_subway_access,rent_level
5*0*0*0*,197343.0331614385,556344.731336799,4.7998,4.7998,1.7281136714029752,1309382.3255603681,44.31026487490961,0.0,0.0,0.3732218363050946,0.008090322656798692
5*0*0*6*,197282.6641620915,554351.7722753244,0.56875,0.56875,1.1706373626373625,155154.63095596887,5.250523594234102,0.0,0.0,0.4585681036222304,0.0009556860156197961
5*0*0*8*,199189.979668343,554503.889223174,13.1047,13.1047,1.0,3574953.656771315,120.97852579403892,0.0,0.0,0.41770607576916113,0.022094516377347162
5*0*1*1*,197040.12813184247,556969.687273707,1.8627,1.8627,1.9183980243732215,508143.35135241004,17.19586865754701,0.08333333333333333,0.9999999999999998,0.2858621709738428,0.0031376179431208727
5*0*1*3*,200643.611678111,555856.992238415,0.0645,0.0645,1.0,17595.558147973614,0.5954439944230322,0.0,0.0,0.21548351460756207,0.00010539104715701325
5*0*2*7*,199824.527161446,553140.159061341,0.0257,0.0257,1.0,7010.943324076307,0.2372544287856113,0.0,0.0,0.25232198377685716,3.9964285081939425e-05
5*0*2*8*,196215.190841685,556546.311079587,2.0901,2.0901,1.0,570177.9237996845,19.295154926257048,0.0,0.0,0.26971265951499795,0.0035210727290969504
5*0*3*5*,199637.294960291,553456.614555995,0.8995,0.8995,1.0,245383.01634267074,8.303905007496395,0.0,0.0,0.29601116530228117,0.0015134154371747102
5*0*3*6*,199273.497727746,554260.284173661,7.4491,7.4491,1.0,2032109.6465127168,68.76778075746681,0.0,0.0,0.3929218033131091,0.012557722676527893
5*0*3*8*,198038.478798732,554293.802369581,3.3832,3.3832,1.0,922934.764747664,31.232653053209344,0.1111111111111111,0.0,0.49437326007488824,0.0057015713383566915
5*0*3*9*,197209.275027835,552986.98063548,0.0063,0.0063,1.0,1718.6359121276553,0.058159645966900826,0.0,0.0,0.3140292921603208,7.250904044402512e-06
5*0*4*1*,197774.124474709,553936.38433738,1.126,1.126,1.0,307172.0693739269,10.394882755354018,0.0,0.0,0.44688401470092765,0.0018953525920717262
5*0*4*6*,196670.476402362,554601.224742539,0.1286,0.1286,1.0,35081.996555494676,1.187195312911658,0.0,0.0,0.4017148548850457,0.000213480105121246
5*0*4*9*,197958.426774108,553438.792842838,2.45065,2.45065,1.9437292146981413,668535.7298501013,22.62364069663262,0.041666666666666664,0.9999999999999999,0.38927612080600515,0.004129052601936328
5*0*5*5*,197348.089350674,553198.9042064125,3.60415,3.60415,1.3484455419447026,983209.7813801412,33.27239492247708,1.25,1.0,0.3471391943513856,0.006074149768266165
5*0*8*5*,197380.542325477,557313.813963649,3.2211499999999997,3.2211499999999997,1.2193781723918478,878727.6298968248,29.73665771528295,0.32142857142857145,1.0,0.26028060518268886,0.005428313431287987
5*0*8*6*,195693.423475006,554436.881765821,4.8366,4.8366,1.0,1319421.3416820029,44.649991060875,0.0,0.0,0.28382331123749927,0.008152376905364741
5*0*8*7*,198185.5350845515,554473.7081495282,4.911275,4.911275,2.311090297326051,1339792.633227738,45.3393674993795,0.0,0.0,0.5115092828353371,0.00827829812850794
5*0*8*8*,199465.771090197,553901.0026813284,0.3562,0.6123999999999999,1.8596294216732172,97171.12887299537,3.288327919588901,0.0,0.0,0.3452582710520555,0.0005972721424482256
5*0*9*1*,198618.222513237,553860.309537745,0.0344,0.0344,1.0,9384.29767891926,0.31757013035895054,0.0,0.0,0.416011004581161,5.463471884619567e-05
5*0*9*3*,197920.393733767,552839.647905448,593.0315,593.0315,1.0,161778608.40046534,5474.682870987325,0.0,0.0,0.7638531633879404,1.0
5*1*0*3*,197830.512386176,555856.992238415,26.1926,26.1926,1.0,7145324.2844436215,241.80195919883275,2.5,0.0,0.463835534677984,0.04416407615472753
5*1*0*6*,199673.473169824,552146.07123267,0.8575,0.8575,1.0,233925.4435951531,7.916174034383724,0.0,0.0,0.16970377422831454,0.0014425926534851977
5*1*0*8*,197131.090412132,556260.689061879,4.1596,4.1596,1.0,1134736.1809660627,38.400137041892165,0.0,0.0,0.3699918199888604,0.007010781082559973
5*1*1*1*,198667.68773668,557448.9109387,3.0569,3.0569,1.0,833920.3364734969,28.220352659717324,0.1111111111111111,0.0,0.2407309046958837,0.005151345759359357
5*1*1*2*,197875.181070741,553390.634961342,6.4391,6.4391,1.0,1756582.3018700292,59.44377402309065,0.05555555555555555,0.0,0.3860388790820277,0.010854603354470558
5*1*2*0*,197108.20540144332,555324.931080934,1.4410666666666667,0.13030000000000008,2.033077350111029,393122.0516037185,13.30348049968813,0.0,0.0,0.4470302887648925,0.0024266358868600406
5*1*2*4*,198217.983495992,553458.4737843166,0.20255,0.20255,1.4426067637620341,55255.508571659775,1.8698787762850417,0.0,0.0,0.38733881736002795,0.00033817879211742413
5*1*2*6*,196285.385912537,554501.231269975,4.3152,4.3152,1.0,1177183.7600021043,39.83658798037626,0.0,0.0,0.35611524475242373,0.007273162633562073
5*1*2*8*,197788.495001807,552214.133505729,6.5102,6.5102,1.0,1775978.33573547,60.100147170431384,0.0,0.0,0.24138141047747794,0.010974496209716378
5*1*2*9*,201890.351592007,552976.840743875,0.002,0.002,1.0,545.5987022627477,0.01846337967203201,0.0,0.0,0.02972927704611127,0.0
5*1*3*4*,197781.565675622,556140.488146029,3.2236,3.2236,1.0,879395.9883070966,29.759275355381185,0.0,0.0,0.41112658030868815,0.005432444760336543
5*1*3*5*,197272.031042001,552786.418024983,0.1717,0.1717,1.0,46839.64858925689,1.5850811448439477,0.0,0.0,0.29368825189295045,0.00028615777124072243
5*1*3*9*,196210.937527513,552598.698315522,4.9559,4.9559,1.0,1351966.3042719758,45.75133165831171,0.0,0.0,0.21475371055856302,0.008353547336178047
5*1*4*6*,201193.579648361,556560.670049863,0.028,0.028,1.0,7638.381831678468,0.2584873154084481,0.0,0.0,0.11873685578557573,4.3842675617317515e-05
5*1*5*1*,200841.7402433775,555157.8266909979,0.1116,0.2158,1.9668458781362006,30444.407586261324,1.0302565856993862,0.0,0.0,0.2106761132434716,0.00018481374029453843
5*1*5*3*,197506.59571940033,555782.1748308863,36.73896666666666,54.6295,2.976009123827653,10022366.267903838,339.16274516239736,0.0462962962962963,0.1908780409059969,0.4684874749955039,0.06194795818195664
5*1*5*8*,197868.0060783915,553210.3528091339,3.9211,1.7026000000000003,1.2171074443395986,1069673.53572123,36.198379016002356,0.08333333333333333,1.0,0.3620001246019917,0.00660860884660881
5*1*6*6*,199085.203137681,556406.956969054,0.8995,0.8995,1.0,245383.01634267074,8.303905007496395,0.0,0.0,0.3335843879075114,0.0015134154371747102
5*1*6*7*,196991.207274677,558246.198302691,0.0085,0.0085,1.0,2318.794484616678,0.07846936360613603,0.0,0.0,0.13499497869418678,1.0960668904329379e-05
5*1*6*9*,201685.580131426,553134.803379531,138.8315,138.8315,1.0,37873143.11659533,1281.649347468856,0.16666666666666666,0.0,0.16609809093744776,0.23410218210055314
5*1*7*0*,197920.925321758,557801.015704275,27.4579,27.4579,1.0,7490497.303430149,253.48281634834382,0.0,0.0,0.22746876425239748,0.046297696826211834
5*1*7*2*,197815.0842187035,553106.635969803,0.07575,0.07575,1.9762376237623762,20664.55084820157,0.6993005050782123,0.0,0.0,0.34591648450890095,0.00012436143564527563
5*1*7*3*,198837.34447918,554043.28752557,0.3348,0.3348,1.0,91333.22275878396,3.090769757098158,0.1111111111111111,0.0,0.41665958039497214,0.0005611862479016641
5*1*7*7*,200986.683130269,553963.49239013,4.3216,4.3216,1.0,1178929.6758493453,39.895670795326765,0.0,0.0,0.1808846246144276,0.007283954676790952
5*1*7*8*,196264.649786955,555746.0987040824,61.603449999999995,90.5627,1.735045683318061,16805381.18745403,568.70394322852,0.0,0.0,0.3770236774309758,0.10387586115024629
5*1*8*4*,199477.737714918,552252.440748536,0.0507,0.0507,1.0,13830.927102360654,0.46804667468601135,0.0,0.0,0.19261653403088844,8.212070394474473e-05
5*1*8*5*,196560.90179473202,555624.6823771483,7.5155,3.7610666666666654,1.3753309826358857,2050223.5234278403,69.38076496257828,0.0,0.0,0.3751070268691711,0.012669690125027507
5*1*8*6*,200073.980518592,553266.193593026,10.7843,10.7843,1.0,2941950.042406075,99.55731269854739,0.05555555555555555,0.0,0.24716929455718312,0.01818172620417702
5*1*8*7*,199178.28839153948,553366.9826097125,0.55935,0.55935,1.9882005899705015,152590.31705533396,5.163745709775552,0.05555555555555555,0.0,0.3271175852238003,0.0009398352021273814
5*1*8*9*,199540.489490925,556331.966013695,0.1359,0.1359,1.0,37073.43181875371,1.254586648714575,0.0,0.0,0.30251170578494146,0.0002257897794291852
5*1*9*1*,197144.909852056,554927.5326021151,0.01915,0.01915,1.6553524804177544,5224.10757416581,0.17678686035970648,0.0,0.0,0.4633994841425812,2.8919303339884436e-05
5*1*9*2*,197749.13550534,557997.810804345,0.1517,0.1517,1.0,41383.66156662942,1.4004473481236277,0.0,0.0,0.18170525611738939,0.00025243263615047813
5*1*9*7*,197431.602544029,554359.74625648,3.0846,3.0846,1.0,841476.8784998358,28.476070468174964,0.0,0.0,0.4749304200333137,0.005198055071459345
5*2*0*1*,196437.5117017575,557541.990485384,9.048,18.0842,1.9993479221927497,2468288.5290366705,83.5283296362728,0.0,0.0,0.19508823317458443,0.015253878601317468
5*2*0*2*,197987.04444452332,555570.4859431171,0.8532666666666667,0.4637499999999999,2.138487381826705,232770.59300869695,7.877093214077923,0.8333333333333334,-0.667208096448541,0.4809255805966098,0.0014354541665577624
5*2*0*3*,197436.1063030415,554604.675509017,0.47075,0.7923,1.8415294742432289,128420.29454509425,4.345817990304534,0.0,0.0,0.4912165756707254,0.0007904328536775994
5*2*0*4*,200380.87236385,556753.743505763,0.0762,0.0762,1.0,20787.310556210687,0.7034547655044194,0.0,0.0,0.19024231427828397,0.00012512025118480613
5*2*0*6*,197619.4508677466,554086.7935316691,1.08346,0.16418333333333335,1.8892252598157753,295567.18497679837,10.0021666697299,0.6619047619047619,0.9064135849318933,0.45874367449190234,0.001823619229734777
5*2*0*8*,196382.204883114,554274.636444669,0.0268,0.0268,1.0,7311.02261032082,0.2474092876052289,0.1111111111111111,0.0,0.3561612373394605,4.181916751190286e-05
5*2*0*9*,196847.067762307,558187.157766562,6.877,6.877,1.0,1876041.1377304578,63.48633100228205,0.16666666666666666,0.0,0.14180337036408422,0.011593015187271457
5*2*2*6*,198263.09559950035,554950.6669778776,1.067,1.067,2.192970946579194,291076.90765717585,9.850213055029075,0.0,0.0,0.5284012841319637,0.0017958634435555057
5*2*2*7*,197144.893613395,556640.454393458,6.5602,6.5602,1.0,1789618.3032920386,60.561731662232184,0.0,0.0,0.33150451074726217,0.011058809047441987
5*2*2*9*,197029.489145711,557556.351271313,0.144,0.144,1.0,39283.106562917834,1.3293633363863044,0.0,0.0,0.21714378507544094,0.0002394484591407341
5*2*3*1*,198868.738377652,553946.483392819,0.0092,0.0092,1.0,2509.7540304086397,0.08493154649134724,0.0,0.0,0.4052806235332763,1.2141048632487927e-05
5*2*3*6*,197653.928082626,553389.610712197,0.1426,0.1426,1.0,38901.18747133391,1.316438970615882,0.0,0.0,0.3774658571427367,0.00023708769968441701
5*2*3*7*,197067.791563554,554451.23453358,0.7187,0.7187,1.0,196060.89365811838,6.634815485144702,0.0,0.0,0.4425696694405697,0.0012085402159589024
5*2*4*2*,199076.4360365475,555336.277304557,0.16044999999999998,0.1747,1.5444063571205984,43770.65588902892,1.4812246341887676,0.0,0.0,0.4179468162600076,0.00026718738275245994
5*2*4*3*,198365.829336288,555597.4350222445,0.03125,0.048299999999999996,1.7728,8524.979722855434,0.28849030737550013,0.0,0.0,0.4644048172608122,4.9323010069482197e-05
5*2*4*4*,196687.484460307,558502.566012148,2.2282,2.2282,1.0,607851.5141909273,20.57005129261086,0.0,0.0,0.09530443388957732,0.003753944786895087
5*2*4*5*,201280.288281156,552828.44397224,0.0396,0.0396,1.0,10802.854304802406,0.3655749175062338,0.08333333333333333,0.0,0.08657739698359569,6.340325396965918e-05
5*2*4*8*,199254.3506874605,552575.270625666,2.60865,0.8822999999999999,1.1691104594330402,711638.0273288584,24.082247690723147,0.05555555555555555,-1.0,0.2425190431094174,0.004395481169149258
5*2*4*9*,196980.023977906,556750.02065915,0.2849,0.2849,1.0,77720.5351373284,2.630108434280959,0.0,0.0,0.3056797370479792,0.00047704203585150477
5*2*5*1*,200387.781218579,556186.230583085,5.0977,5.0977,1.0,1390649.2522624044,47.06038527705878,0.1111111111111111,0.0,0.23144063362413794,0.008592658543967879
5*2*5*6*,200140.453140507,557547.840515396,1.0409,1.0409,1.0,283956.844592647,9.609265950309057,0.0,0.0,0.14372921322234297,0.0017518521422627367
5*2*5*8*,197379.9977936265,555767.6400992679,0.0288,0.017,1.2951388888888888,7856.621312583567,0.2658726672772609,0.08333333333333333,1.0,0.4342908044929739,4.519168102092728e-05
5*2*5*9*,197084.54634406324,554702.8040153952,4.3727,4.3727,1.7830481344865432,1192869.7226921583,40.367410145947176,0.16071428571428573,0.4925165770452911,0.4572092207849008,0.007370122396946526
5*2*6*3*,197550.21176664231,554548.3808390837,0.3221333333333333,0.27860000000000007,1.8229330930389727,87877.76431111988,2.9738350191752883,0.0,0.0,0.49908976024115115,0.0005398269956778428
5*2*6*4*,197830.499461255,554605.477555575,14.1273,14.1273,1.0,3853918.2732382575,130.4188518203489,0.0,0.0,0.5372650802539245,0.023818882534511348
5*2*6*7*,199639.42059394,557804.207401268,0.1131,0.1131,1.0,30853.606612958385,1.04410412045341,0.0,0.0,0.1519163826915757,0.00018734312542630676
5*2*6*8*,198354.946368084,553178.423084609,0.2908,0.2908,1.0,79330.05130900351,2.6845754043134535,0.0,0.0,0.35040720531760383,0.0004869909507031268
5*2*7*0*,195930.107808675,552294.467238079,1.2793,1.2793,1.0,348992.2099023666,11.810100807215274,0.6428571428571429,0.0,0.16135138651902162,0.0021538557525384487
5*2*7*1*,196737.76291495998,553480.01827436,6.53485,12.7737,1.977352196301369,1782702.8397408582,60.32770832488917,0.32142857142857145,-1.0,0.34057368869144167,0.011016062438715103
5*2*7*2*,197788.21994635952,555412.0610036785,0.2582,0.10040000000000002,1.1944229279628196,70436.79246212072,2.383622315659332,1.25,1.0,0.4962550561487841,0.0004320189805060287
5*2*7*3*,198487.24485566924,555905.3966182405,1.81145,2.0127333333333337,2.5988572690386156,494162.38460692717,16.72274455345119,0.6388888888888888,0.06818246884727887,0.4253974665336309,0.003051197284452122
5*2*7*5*,197646.482925419,555147.998870756,8.6182,8.6182,1.0,2351039.367920406,79.56054934475313,0.0,0.0,0.5199735543985413,0.014529125448228122
5*2*7*8*,199371.365270923,558291.938963269,2.6995,2.6995,1.0,736421.8483791437,24.920946712325204,0.0,0.0,0.11449847260343934,0.004548677595296692
5*2*8*1*,198491.086370931,557840.905309821,20.8624,20.8624,1.0,5691249.183043174,192.5952060349003,0.05555555555555555,0.0,0.21200805879243556,0.03517599040182655
5*2*8*3*,197129.48248585,553921.99996885,0.5417,0.5417,1.0,147775.40850786518,5.000806384169868,0.0,0.0,0.40847362787036534,0.0009100727704102406
5*2*8*5*,197145.452211611,555002.793564583,0.3334,0.3334,1.0,90951.30366720005,3.0778453913277355,0.0,0.0,0.4627912422686332,0.0005588254884453471
5*2*8*6*,197681.5795519663,555062.0004914133,2.7336333333333336,6.414700000000001,2.5643892743479375,745733.399564428,25.236055058727885,0.0,0.0,0.5251750561822887,0.004606235159184043
5*2*8*9*,200740.417573299,553008.237706395,7.4386,7.4386,1.0,2029245.2533258377,68.67084801418865,0.6428571428571429,0.0,0.15977585262088168,0.012540016980605516
5*2*9*0*,197786.9982669976,554733.0223622102,1.76846,4.067566666666666,3.0745474547454745,482434.7405017894,16.32587420740086,0.02222222222222222,0.9940875299950409,0.5370156001889045,0.0029787051065756423
5*2*9*1*,199739.414502593,554424.095789434,0.283,0.283,1.0,77202.2163701788,2.612568223592529,0.0,0.0,0.3404536761728737,0.00047383814801793154
5*2*9*2*,197139.3267174325,553759.2488906351,2.3276499999999998,2.3276499999999998,1.0,634981.4096609423,21.48814284680265,0.041666666666666664,-0.9999999999999999,0.3950088870453738,0.003921643021131326
5*2*9*3*,198390.561351747,557351.04511907,3.0959,3.0959,1.0,844559.5111676203,28.580388563321947,0.16666666666666666,0.0,0.2598432797097183,0.005217109772785333
5*2*9*4*,197916.672465565,552091.823920392,2.7742,2.7742,1.0,756799.9599086574,25.610553943075598,0.0,0.0,0.22422965292520733,0.004674640974858754
5*2*9*8*,195998.189247864,553815.627867877,20.4927,20.4927,1.0,5590395.262929905,189.18225030252515,0.0,0.0,0.3052143339275705,0.034552581279683386
5*2*9*9*,197737.946254732,553184.269012185,0.3859,0.3859,1.0,105273.26960159717,3.5625091077185758,0.16666666666666666,0.0,0.3545736167973144,0.0006473539680572382
5*3*0*3*,197088.00917494,557441.99610316,0.0196,0.0196,1.0,5346.867282174927,0.18094112078591365,0.0,0.0,0.2326575812932642,2.9678118879414928e-05
5*3*0*4*,199119.254373336,553353.432175742,1.483,1.483,1.0,404561.43772782746,13.690596026811734,0.0,0.0,0.330939065130059,0.0024973462534325862
5*3*0*5*,199924.521109282,553976.249189595,0.0199,0.0199,1.0,5428.70708751434,0.18371062773671848,0.0,0.0,0.30018538944037776,3.0183995905768598e-05
5*3*0*9*,196002.97537353,554838.449360089,0.0443,0.0443,1.0,12085.011255119862,0.4089638597355089,0.0,0.0,0.3234174893827542,7.132866071586656e-05
5*3*1*0*,197800.727649603,553050.794450944,13.2698,13.2698,1.0,3619992.8296431047,122.50267778596516,0.0,0.0,0.3489486962269481,0.022372917367517127
5*3*1*1*,198085.266456495,555686.796482703,0.16,0.16,1.0,43647.896181019816,1.4770703737625606,0.0,0.0,0.465132803420006,0.0002664285672129295
5*3*1*2*,199830.373883769,553818.81696754,29.5119,29.5119,1.0,8050827.170653992,272.4447072715207,0.0,0.0,0.3239623787203125,0.049761268199979926
5*3*1*4*,197545.398546237,552841.729233148,0.0258,0.0258,1.0,7038.223259189446,0.2381775977692129,0.0,0.0,0.3088648088759524,4.013291075739065e-05
5*3*1*6*,199895.250454428,552440.206315216,0.8718,0.8718,1.0,237826.47431633173,8.048187199038752,0.0,0.0,0.1836250618828367,0.0014667061250747222
5*3*2*1*,197187.9985927735,555700.354208968,0.40025,0.40025,1.181261711430356,109187.94029033238,3.6949838568654054,0.0,0.0,0.42626400724632035,0.0006715517524844884
5*3*2*3*,196651.867463204,552632.175622171,26.3442,26.3442,1.0,7186680.666075139,243.2014833779728,0.0,0.0,0.2646689155374438,0.044419712678711594
5*3*2*5*,196830.04151556632,553309.4602474687,0.03996666666666667,0.050800000000000005,1.6163469557964971,10902.880733550575,0.3689598704461063,0.0,0.0,0.32633719067347594,6.402154811298033e-05
5*3*2*6*,196387.50479206,554707.597566686,3.8875,3.8875,1.0,1060507.4775232158,35.88819423751222,0.0,0.0,0.3723749190262024,0.0065519506196572005
5*3*3*1*,200593.083264328,556692.578331063,3.2388,3.2388,1.0,883542.5384442935,29.89959704088863,0.0,0.0,0.1760562296090247,0.005458075863005128
5*3*3*2*,200889.877412559,557287.219144808,1.1675,1.1675,1.0,318493.242445879,10.777997883548684,0.0,0.0,0.10142816149792118,0.0019653322473839833
5*3*3*6*,197421.497937952,557061.703464851,4.888,4.888,1.4664279869067105,1333443.2283301554,45.12449991844622,0.0,0.0,0.29277607444758696,0.008239050502546669
5*3*3*7*,197483.195189973,554129.961023369,0.182,0.182,1.0,49649.48190591004,1.6801675501549125,0.0,0.0,0.4548016239288922,0.00030352621581219817
5*3*3*8*,197388.51789029033,554553.8849590867,3.116633333333333,3.116633333333333,1.9073145167327994,850215.5510477441,28.77179226592201,0.0,0.0,0.4851156885755649,0.0052520714961622195
5*3*3*9*,197308.736699028,554342.735884071,0.2995,0.2995,1.0,81703.40566384647,2.764891105886793,0.0,0.0,0.4601754138620472,0.0005016613844673831
5*3*4*1*,200440.966644176,557010.109663042,0.0293,0.0293,1.0,7993.020988149254,0.27048851219526887,0.0,0.0,0.16459125091660534,4.603480939818339e-05
5*3*4*2*,199008.616887931,554562.3838496904,0.03375,0.0439,1.6503703703703703,9206.978100683868,0.31156953196554016,0.0,0.0,0.431162911657798,5.3538651955762734e-05
5*3*4*3*,200492.02643723,556005.919111755,5.4757,5.4757,1.0,1493767.4069900638,50.54996403507283,0.0,0.0,0.22999512575337688,0.009230063597173495
5*3*4*4*,199575.605475616,557185.098435393,0.0243,0.0243,1.0,6629.024232492384,0.22433006301518885,0.0,0.0,0.22027339739480312,3.760352562562233e-05
5*3*4*5*,197452.877671325,555733.071001814,0.0179,0.0179,1.0,4883.108385251591,0.16524724806468646,0.0,0.0,0.4426612240092565,2.6811482396744168e-05
5*3*4*6*,197131.60830712802,556458.275597236,4.952500000000001,4.707,1.4752145381120645,1351038.7864781292,45.71994391286926,0.05555555555555555,-1.0,0.3495518742337342,0.008347814063212706
5*3*6*0*,196787.2228586285,555353.8317946695,1.53835,3.0235,1.9827087463841127,419660.881812949,14.201570059235221,0.0,0.0,0.40974741671357306,0.0025906805647948374
5*3*6*1*,197087.21019174252,554347.2395930515,13.4655,26.5112,1.9844120158924659,3673379.662659515,124.3093194868735,0.09722222222222221,1.0,0.4482532955112388,0.022702917814375168
5*3*6*2*,197906.035715114,553003.451834135,0.04245,0.0653,1.7691401648998821,11580.332455526821,0.3918852335388794,0.05555555555555555,1.0,0.333919842161231,6.820908572001897e-05
5*3*6*3*,196662.501958309,557792.50452563,2.1851,2.1851,1.0,596093.862157165,20.172165460678567,0.0,0.0,0.17505200802456075,0.0036812671207756102
5*3*6*5*,197712.1573992525,555517.9179202355,2.15925,2.8367,1.6568715989348153,589041.998930419,19.933526278417556,0.0,0.0,0.4822645734765943,0.0036376773836714698
5*3*6*6*,197466.170208708,556442.063298688,0.4308,0.4308,1.0,117521.96046739585,3.9770119813556946,0.0,0.0,0.3640158366984056,0.0007230668963348365
5*3*6*7*,198418.501657004,555015.563454571,2.4986,2.4986,1.4852717521812213,681616.4587368508,23.066300224269586,0.0,0.0,0.5090200118813398,0.0042099086133151895
5*3*6*8*,197802.314181737,556046.8752084695,11.70505,19.935899999999997,1.851593970124006,3193130.044960288,108.05739111505913,0.0,0.0,0.4292935842792912,0.019734347110894144
5*3*6*9*,196861.42149745967,555333.2637328113,8.451833333333335,8.451833333333335,2.7575082329277674,2305654.6492038504,78.0247038790346,0.0,0.0,0.4243796910709169,0.014248588532835775
5*3*7*2*,195983.828228869,553406.617763619,0.6352,0.6352,1.0,173282.14783864867,5.863969383837365,0.0,0.0,0.26159628209633673,0.0010677377769571328
5*3*7*3*,198916.86935469048,556175.583584311,0.42885,0.8027000000000001,1.9358750145738604,116990.00173268966,3.9590101861754627,1.25,-1.0,0.36832734210712537,0.0007197786956635378
5*3*7*4*,197127.720506217,555933.7623157584,9.361266666666667,9.361266666666667,1.9085665045328624,2553747.4724344257,86.42031033890208,0.0,0.0,0.40662256767165156,0.015782126633947662
5*3*7*6*,197133.21833617,554228.36039889,10.9902,10.9902,1.0,2998119.4288040246,101.45811763578307,0.16666666666666666,0.0,0.4427096391577538,0.018528926469931088
5*3*8*2*,197255.54423750052,552954.785423555,1.10745,1.10745,1.8189534516230983,302111.64141044,10.223634908895924,0.0,0.0,0.3132193721683816,0.001864072529275525
5*3*8*3*,197444.63466375548,552619.6872500305,1.34885,1.5107,1.5599955517663193,367965.40477355366,12.452164835310187,0.041666666666666664,1.0,0.28061144865976123,0.0022711349098147727
5*3*8*4*,200172.911397575,553000.797717783,0.5639,0.5639,1.0,153831.5541029817,5.205749898529424,0.0,0.0,0.2094787773214521,0.0009475076703604119
5*3*8*5*,197740.07185499,558147.268912474,0.5835,0.5835,1.0,159178.42138515663,5.386691019315338,0.0,0.0,0.16366561550584593,0.0009805583027488512
5*3*8*6*,197492.213723269,556748.956989372,0.2632,0.2632,1.0,71800.7892177776,2.4297807648394123,0.6428571428571429,0.0,0.32858775678060415,0.0004404502642785897
5*3*8*8*,196432.201478528,556598.435036974,0.1496,0.1496,1.0,40810.78292925353,1.3810607994679942,0.0,0.0,0.28222266730510914,0.00024889149696600253
5*3*8*9*,198015.5853965865,556505.6143349386,1.7722,1.7722,1.9984200428845502,483455.0100750208,16.360400727387564,0.0,0.0,0.36685490462756226,0.0029850117068375183
5*3*9*0*,197735.1892013934,553890.9511626634,6.634099999999999,8.261125,2.9289579596328066,1809778.1753406469,61.24395354111376,0.0,0.0,0.4445915301568487,0.01118342342160044
5*3*9*1*,197059.4180793775,554542.0514312965,35.64175,141.3134,2.965803763594594,9723046.273186645,329.0335812128234,0.16071428571428573,-0.3351287999470838,0.4724969605854857,0.06009776916662661
5*3*9*2*,201236.137245061,553040.654975525,0.2173,0.2173,1.0,59279.29900084754,2.0060462013662774,0.0,0.0,0.10463689805341152,0.00036305107924647926
5*3*9*5*,197182.683040333,553024.712020292,0.8481,0.8481,1.0,231361.12969451814,7.829396149925172,0.0,0.0,0.31770607218896846,0.0014267418399927826
5*3*9*8*,197027.3631146,553875.1921573,0.5984,0.5984,1.0,163243.13171701413,5.524243197871977,0.0,0.0,0.3958568608988642,0.0010056835283910833
5*4*0*0*,195933.815627868,555397.450695713,0.7032,0.7032,1.0,191832.5037155821,6.491724292686454,0.1111111111111111,0.0,0.307649868883205,0.001182403236263963
5*4*0*1*,198377.806551686,554421.969458573,3.1428,3.1428,1.0,857353.8007356818,29.013354816631097,0.1111111111111111,0.0,0.4913839170254706,0.005296195214571956
5*4*0*2*,197331.0686475705,554665.587479144,0.11135,0.11135,1.3291423439604848,30376.207748478482,1.027948663240382,0.0,0.0,0.48202239535904573,0.00018439217610591042
5*4*0*5*,196709.293936608,552889.359037714,0.02885,0.02885,1.025996533795494,7870.2612801401365,0.2663342517690617,0.0,0.0,0.27532116573727433,4.527599385865289e-05
5*4*0*6*,198084.745244306,553040.407546037,0.8058,0.8058,1.2012906428394143,219821.71714166104,7.4388956698616955,0.0,0.0,0.33871548255307404,0.001355413179276916
5*4*0*9*,201538.245766726,556937.774862494,18.5956,18.5956,1.0,5072867.613898576,171.66881151461922,0.0,0.0,0.07350909150358924,0.031353583590698265
5*4*1*0*,196035.95258974,553621.486775796,0.0069,0.0069,1.0,1882.3155228064793,0.06369865986851042,0.0,0.0,0.28145087615290104,8.262658097109837e-06
5*4*1*1*,197024.180723098,556188.357676496,7.7714,7.7714,1.0,2120032.8773823585,71.74315439161477,0.0,0.0,0.37286421341082643,0.01310120322850718
5*4*1*2*,196539.088820942,555801.678121491,0.0088,0.0088,1.0,2400.63428995609,0.08123887055694083,0.6428571428571429,0.0,0.35615097163398984,1.1466545930683042e-05
5*4*1*3*,197953.90821338102,554187.1493899005,0.08375,0.08375,1.9104477611940298,22846.94565725256,0.7731540237663403,0.0,0.0,0.4792680187822107,0.00013785148968137334
5*4*1*4*,198717.419395487,555140.0122303155,0.16895,0.32589999999999997,1.964486534477656,46089.45037364561,1.5596939977949036,0.0,0.0,0.4676696634537018,0.00028152056516581384
5*4*1*6*,197241.190638631,553744.902114962,4.8684,4.8684,1.0,1328096.3610479806,44.943558797660316,0.0,0.0,0.40256944369022163,0.008205999870158229
5*4*1*8*,198764.4929793615,557020.7469433451,0.62095,0.62095,1.761816571382559,169394.7570850266,5.732417803674138,0.0,0.0,0.285297455615849,0.0010437086182053337
5*4*2*1*,197793.788191576,557292.538078078,0.8487,0.8487,1.0,231524.80930519698,7.834935163826782,0.0,0.0,0.26892235852705576,0.00142775359404549
5*4*2*2*,198184.728585176,553232.140273062,0.0953,0.0953,1.0,25997.778162819923,0.879780041372325,0.0,0.0,0.360420030870182,0.00015732775519598937
5*4*2*3*,199675.06927366002,553716.1623216355,7.6229,10.9342,1.7171942436605492,2079522.1737393497,70.3722484509664,0.05555555555555555,-1.0,0.31681927200181825,0.012850794100462117
5*4*2*6*,197786.880166518,555002.261919568,0.1647,0.1647,1.0,44930.05313133728,1.5204593159918358,0.05555555555555555,0.0,0.5380582457831294,0.00027435397395913694
5*4*2*7*,196934.810522905,554149.659456792,0.9086,0.9086,1.0,247865.49043796628,8.38791338500414,0.0,0.0,0.4097699904379457,0.0015287603736407714
5*4*2*8*,196524.207537919,556003.260341442,7.9861,7.9861,1.0,2178602.898070265,73.72519819940742,0.0,0.0,0.3464260726911241,0.013463242553700953
5*4*3*0*,200382.9982632,552666.762292443,0.0978,0.0978,1.0,26679.77654064836,0.9028592659623651,0.0,0.0,0.16265650224981593,0.0001615433970822699
5*4*3*3*,196362.7827920545,554314.5229802586,0.27330000000000004,0.27330000000000004,1.9425539699963408,74556.06266420448,2.523020832183174,0.08333333333333333,-0.9999999999999998,0.3558056813867744,0.00045748145749916315
5*4*3*7*,196427.403534198,556198.993161623,0.4721,0.4721,1.0,128788.5736691216,4.358280771583155,0.0,0.0,0.31635206505750896,0.0007927093002961909
5*4*3*8*,199121.912322467,556481.423821673,0.02,0.02,1.0,5455.987022627477,0.18463379672032007,0.1111111111111111,0.0,0.3228801071866582,3.0352621581219818e-05
5*4*3*9*,198291.77474540475,556121.4645900701,0.033125,0.004833333333333335,1.3373584905660376,9036.47850622676,0.30579972581803017,0.05555555555555555,-0.5075436714669033,0.40766395900855446,5.24847414841926e-05
5*4*4*1*,198665.5547912065,557284.5599427385,10.624799999999999,10.624799999999999,1.7655014682629322,2898438.5459006205,98.08485816970283,0.0,0.0,0.26595366812733406,0.01791276825183232
5*4*4*2*,197700.5465805727,554398.388145638,0.6310666666666667,0.42529999999999996,1.4633953095288401,172154.57718730567,5.825811732515166,0.0,0.0,0.4971126751244155,0.0010607679157051489
5*4*4*4*,197235.853422607,556494.187166825,1.305,1.305,1.0,356003.15322644287,12.047355236000884,0.6428571428571429,0.0,0.3484855963206911,0.0021971925511294122
5*4*4*5*,197082.157713513,554374.098819057,0.0075,0.0075,1.0,2045.9951334853038,0.06923767377012002,0.0,0.0,0.439183830952567,9.274412149817167e-06
5*4*4*6*,197762.960674895,553827.852765006,0.5887,0.5887,1.0,160596.97801103978,5.434695806462622,0.0,0.0,0.4331527411851341,0.0009893268378723147
5*4*4*7*,196571.280533814,556126.126767514,0.19829999999999998,0.0748,1.1886031265758952,54096.11132935143,1.8306440944819733,0.0,0.0,0.33532468732109477,0.00033101220091074723
5*4*4*8*,197971.28295274466,554415.055076496,2.2121333333333335,2.2121333333333335,1.6966879633536254,603468.5379494166,20.421728809245536,0.027777777777777776,0.753192546988499,0.508860064798173,0.003726852261705924
5*4*4*9*,196542.833200655,557285.0915736,0.1617,0.1617,1.0,44111.655077943156,1.492764246483788,2.5,0.0,0.2220722887525032,0.00026929520369560033
5*4*5*6*,199439.432841897,553476.279257857,0.1655,0.1655,1.0,45148.292612242374,1.5278446678606488,0.0,0.0,0.3150800000179487,0.0002757029793627467
5*4*5*7*,199013.931185642,555786.523755131,0.51735,0.51735,1.1466125446989466,141132.74430781626,4.776014736662879,0.0,0.0,0.3955596549328319,0.0008690124184378685
5*4*5*8*,197482.116767567,556896.287867961,0.0304,0.0304,1.0,8293.100274393766,0.2806433710148865,0.0,0.0,0.3105724223298121,4.788969182814683e-05
5*4*5*9*,198017.55198369935,555001.0162360574,0.24593333333333334,0.24593333333333334,2.695852534562212,67090.4537549092,2.270380253670869,0.2420634920634921,0.9935165115669004,0.5491694644234842,0.00041133423098401226
5*4*6*0*,198578.856860398,552301.374796691,25.9922,25.9922,1.0,7090655.294476896,239.9519285556952,0.1111111111111111,0.0,0.2588960173638767,0.043826150301123294
5*4*6*1*,199635.8787307647,557371.9660470734,3.215066666666667,3.215066666666667,2.9113859743706714,877068.1005107757,29.68049826878052,0.0,0.0,0.19959740829965825,0.005418055369364705
5*4*6*2*,198389.33361520767,553399.159497559,0.9724333333333334,1.44995,2.278819456346622,265279.1823518523,8.977202919536495,0.0,0.0,0.37613321380675985,0.0016363997631371344
5*4*7*5*,197499.151863904,556909.052307649,17.7518,17.7518,1.0,4842679.521413922,163.8791116309889,0.08333333333333333,0.0,0.3229776233269555,0.02993072014124086
5*4*7*6*,197265.65714026248,554361.074189803,0.01945,0.01945,1.5372750642673523,5305.947379505221,0.17955636731051125,0.0,0.0,0.4571783618108543,2.9425180366238096e-05
5*4*8*0*,199177.756227549,554011.89463923,0.16,0.16,1.0,43647.896181019816,1.4770703737625606,0.0,0.0,0.3819366474931908,0.0002664285672129295
5*4*8*1*,197540.107065475,555449.574166135,2.0672,2.0672,1.0,563930.818658776,19.083749229012284,0.0,0.0,0.47904035103187975,0.003482457449418621
5*4*8*4*,197082.68969173,552761.442066694,11.0947,11.0947,1.0,3026626.9609972537,102.42282922364676,0.0,0.0,0.29095521739380953,0.018705140300777613
5*4*8*5*,197175.227013032,553650.755242943,1.3367,1.3367,1.0,364650.89265730744,12.339999803802591,0.05555555555555555,0.0,0.3857992172454663,0.00225064689024745
5*4*8*8*,198075.168140141,553906.054158032,10.4908,10.4908,1.0,2861883.432849017,96.8478117316767,0.0,0.0,0.4519956438516457,0.017686809846727693
5*4*9*6*,197679.45815319,554692.180818332,2.0868,2.0868,1.0,569277.685940951,19.264690349798197,0.0,0.0,0.5236519600627022,0.0035155080818070603
5*5*1*0*,197357.6695565655,555971.0814387875,2.1653,2.1653,1.144829815729922,590692.4350047638,19.989378001925452,0.376984126984127,1.0,0.41318464280952605,0.003647879237036269
5*5*1*1*,196713.0140859665,558549.6365705925,6.933,6.933,1.9638251839030723,1891317.901393815,64.00330563309896,0.32142857142857145,-1.0,0.09445151994634518,0.01168744556552414
5*5*1*2*,199199.5692609945,552744.4372347386,2.1290500000000003,2.1290500000000003,1.6327000305300485,580803.4585262516,19.654729245369875,0.0,0.0,0.26352538336807346,0.003586752429685202
5*5*1*4*,199336.51632933848,553105.0220620565,8.97165,8.97165,1.9974252227851064,2447460.29857779,82.82349011729298,1.25,1.0,0.2962317296308375,0.015125132898110464
5*5*1*6*,201441.439836151,553251.844291814,2.2359,2.2359,1.0,609952.0691946389,20.641135304348182,0.0,0.0,0.09565941418335436,0.003766928963904831
5*5*1*9*,199099.39022948898,555304.1916821207,5.592133333333334,5.592133333333334,2.8571922462506856,1525530.3447734604,51.62484045497963,0.0,0.0,0.420877512167234,0.009426400091957202
5*5*2*3*,199888.342599648,553595.975081369,5.086,5.086,1.0,1387457.4998541675,46.952374505977396,0.0,0.0,0.28496403161042866,0.008572929339940086
5*5*2*4*,199237.850961651,556290.478021048,0.0066,0.0066,1.0,1800.4757174670676,0.06092915291770563,0.0,0.0,0.33217085116510214,7.756781070756177e-06
5*5*2*5*,200288.849987815,557107.443941475,0.5787,0.5787,1.0,157868.98449972604,5.342378908102461,2.5,0.0,0.17079470509847727,0.0009724642703271926
5*5*2*6*,198086.329322955,552169.450005834,35.3906,35.3906,1.0,9654532.716149999,326.715042310508,0.0,0.0,0.2582506751013606,0.05967426578273086
5*5*2*8*,196438.58305127066,555100.8254067673,0.6186333333333333,0.99625,2.0736031036154965,168762.77192157222,5.711031055554033,0.8333333333333334,-0.5369144547743729,0.3754649723008573,0.0010398021233907135
5*5*2*9*,198919.798450913,553374.159395288,0.1883,0.1883,1.0,51368.11781803769,1.7383271961218132,0.0,0.0,0.3459500306574326,0.0003141496333656251
5*5*3*1*,196661.970285204,552756.128054958,2.7402,2.7402,1.0,747524.7819701907,25.296676488651055,0.0,0.0,0.26043666219871325,0.00461730824520534
5*5*3*3*,197177.09126021952,554726.480517546,1.6957,1.6957,1.7105030370938257,462585.8597134706,15.654176454932337,0.0,0.0,0.46688041577095096,0.0028560130651173335
5*5*3*4*,198214.792420872,554939.7596315176,5.419499999999999,5.419499999999999,1.9978411292554665,1478436.0834564804,50.03114306628873,0.0,0.0,0.5377786775545915,0.009135295967569908
5*5*3*5*,198536.300561648,553118.860123622,1.822,1.822,1.0,497040.41776136315,16.82013888122116,0.0,0.0,0.3386407660932049,0.003068987293212226
5*5*3*8*,198366.111899865,557138.825002417,47.5259,47.5259,1.0,12965034.681934562,438.744367977513,0.0,0.0,0.3197207613411402,0.08013749737576292
5*5*4*0*,197707.646996568,556805.867630187,0.0462,0.0462,1.0,12603.33002226947,0.42650407042393934,0.0,0.0,0.32662670743014,7.453254854943977e-05
5*5*4*1*,197726.520434499,555161.8211120691,6.1396,6.1396,1.9959117857840902,1674878.896206183,56.67888291720385,0.08333333333333333,-0.9999999999999999,0.5239726441197159,0.010349569456494153
5*5*4*2*,200033.550650365,557601.028778276,0.0287,0.0287,1.0,7829.3413774704295,0.26494949829365927,0.0,0.0,0.14594404254489185,4.5023055345476065e-05
5*5*4*3*,197227.36075840401,555475.6271170245,3.48755,5.9019,1.8461384066178264,951401.3770382229,32.19597988759761,0.0,0.0,0.4508289339397733,0.005877532230690041
5*5*4*4*,197938.464674695,558095.144294857,2.8843,2.8843,1.0,786835.1684682217,26.62696299402096,0.0,0.0,0.17277101561791813,0.00486029784353055
5*5*4*5*,196785.883457255,556203.779139803,1.0697,1.0697,1.0,291813.4659052306,9.87513861758632,0.08333333333333333,0.0,0.3479310712332539,0.001800416336792689
5*5*4*6*,199025.37650823,554259.484858574,233.552,233.552,1.9991483695279852,63712834.055434614,2156.0796245812094,0.08333333333333333,-1.0,0.5913365644463778,0.3938252650163271
5*5*5*1*,197196.484287538,554722.482763925,24.3049,24.3049,1.0,6630360.949312929,224.37529829538536,0.0,0.0,0.48627051036935814,0.04098092927923484
5*5*5*3*,197068.323177445,552495.468780462,1.2017,1.2017,1.0,327822.98025457194,11.093721675940431,0.1111111111111111,0.0,0.25247043362118327,0.0020230022283883008
5*5*5*8*,198550.14028333902,552887.475096134,18.9602,18.9602,1.9991772238689465,5172330.257321075,175.03468562883063,0.041666666666666664,1.0,0.32400575486414945,0.03196839280339342
5*5*5*9*,196933.763649267,553131.61472276,7.3762,7.3762,1.0,2012222.5738152398,68.09479056842125,0.16666666666666666,0.0,0.320618060030393,0.012434794559123954
5*5*7*6*,197460.67594542736,554004.27670984,5.918666666666667,8.830900000000002,2.721254787114215,1614608.426229558,54.63929490943338,0.8333333333333334,-0.5755661288169951,0.44455363921593927,0.00997701913086392
5*5*7*7*,197403.58163856968,554095.4105194187,12.152233333333333,12.152233333333333,2.8933858522576097,3315121.3681303854,112.1856489482282,0.0,0.0,0.45488311019111344,0.02048841302723276
5*5*8*0*,197879.977137817,556693.641988153,0.4329,0.4329,1.0,118094.83910477175,3.9963985300113283,2.5,0.0,0.34258715487630953,0.0007266080355193122
5*5*8*1*,199836.219948046,557334.024346569,19.0799,19.0799,1.0,5204984.3396515,176.13971890220174,0.1111111111111111,0.0,0.20112513439666385,0.03217023773690853
5*5*8*3*,197920.393733767,553877.318250745,0.1391,0.1391,1.0,37946.38974237411,1.284128056189826,0.0,0.0,0.4411784611916978,0.0002311858010436243
5*5*8*8*,196741.224046619,556156.973001726,1.527,1.527,1.0,416564.6091776078,14.096790379596436,0.0,0.0,0.3487548592928301,0.0025715415506311233
5*5*9*0*,197075.765200987,552934.858364957,0.1912,0.1912,1.0,52159.235936318684,1.76509909664626,0.0,0.0,0.30183058280836167,0.0003190397779537106
5*5*9*2*,197597.018029715,553542.257995259,0.0753,0.0753,1.0,20541.791140192454,0.6951462446520051,2.5,0.0,0.3939614798980899,0.00012360262010574515
5*5*9*3*,197884.03957080469,554799.616310178,4.2692000000000005,4.2692000000000005,2.900613698116743,1164634.9898500615,39.41193024791953,0.0,0.0,0.5532380176702846,0.007195594822854513
5*5*9*4*,196887.47101458,552098.731191242,0.2027,0.2027,1.0,55296.42847432948,1.8712635297604439,0.0,0.0,0.1983278531669029,0.000338431730630601
5*5*9*5*,196824.187292784,553019.929147348,0.5428,0.5428,1.0,148075.4877941097,5.010961242989486,0.0,0.0,0.2967593307725537,0.0009119276528402042
5*5*9*6*,197309.622800473,554820.7082165073,6.346133333333334,9.130700000000001,2.8254527691402638,1731221.0555265164,58.58553459133571,0.8333333333333334,-0.4743432241053305,0.4881894270782034,0.01069783768485941
5*5*9*7*,198284.190729871,552613.045695341,0.0029,0.0029,1.0,791.1181182809842,0.02677190052444641,0.0,0.0,0.28345390293666917,1.5176310790609907e-06
5*5*9*8*,196191.79330771,557751.550916763,0.0281,0.0281,1.0,7665.661766791605,0.25941048439204967,0.0,0.0,0.15070922824306762,4.401130129276874e-05
5*5*9*9*,197237.458745096,554532.8681944745,97.76365,97.76365,1.7850816740168765,26669860.284234736,902.523694036826,0.0,0.0,0.5393062608852563,0.16485124264475878
5*6*0*0*,196720.473030363,552982.155003219,1.0367,1.0367,1.0,282811.08731789526,9.570492852997791,0.0,0.0,0.2863989213332247,0.001744769863893786
5*6*0*1*,196596.552780958,554753.873039958,19.8277,19.8277,1.0,5408983.694427541,183.0431765615745,0.0,0.0,0.41056166257039717,0.033431220537932765
5*6*0*6*,196346.569766584,553191.218580588,16.8639,16.8639,1.0,4600460.977544376,155.68229422559028,0.0,0.0,0.2898503492234959,0.028433492768909472
5*6*0*7*,199682.508917021,556252.712338612,0.1699,0.1699,1.0,46348.609757220416,1.568464103139119,0.0,0.0,0.2956490097515163,0.00028312250908260037
5*6*0*9*,199905.54062304398,555002.9708738984,6.2525,6.2525,1.7339144342263095,1705677.9429489153,57.721140699690075,0.0,0.0,0.33133487578627535,0.010539947844078582
5*6*1*2*,198595.330892631,554352.835783308,0.0756,0.0756,1.0,20623.630945531862,0.6979157516028098,0.0,0.0,0.4639825207681145,0.0001241084971320988
5*6*1*4*,199208.865500673,556855.5987837565,1.08935,2.0663,1.948409602056272,297173.9731549621,10.056541322864033,0.08333333333333333,1.0,0.2796452889327769,0.0018335512820188537
5*6*1*5*,195890.750198296,557207.969421602,0.6092,0.6092,1.0,166189.36470923293,5.623945448100949,0.0,0.0,0.18255774972183325,0.0010238951013398152
5*6*1*6*,197666.157098939,557734.528750293,35.7384,35.7384,1.0,9749412.330473492,329.9258240354743,0.16666666666666666,0.0,0.23999033415645807,0.06026074588195021
5*6*2*8*,200289.381389075,552505.081367129,0.3597,0.3597,1.0,98125.92660195519,3.320638834014957,0.05555555555555555,0.0,0.15728601951592233,0.0006031740410890183
5*6*3*0*,197683.714051407,555693.708834875,5.8205,5.8205,1.0,1587828.6232601616,53.73305069053115,0.0,0.0,0.4636315897285325,0.009811484926129306
5*6*3*2*,199120.849159127,558039.295896504,4.1698,4.1698,1.0,1137518.7343476028,38.494300278219534,0.0,0.0,0.1556329340185647,0.007027980901455998
5*6*3*3*,197876.252977447,552474.213887431,3.5656,3.5656,1.0,972693.3663940266,32.91651327929866,0.0,0.0,0.2715805078854786,0.006009144570379718
5*6*3*8*,199336.25051818,554373.567241664,0.189,0.189,1.0,51559.07736382966,1.7447893790070246,0.6428571428571429,0.0,0.38575041610842403,0.0003153300130937837
5*6*5*1*,201940.348788522,557209.565077038,2.1548,2.1548,1.0,587828.0418178843,19.892445258647285,0.0,0.0,0.0016335780935012507,0.0036301735411138902
5*6*5*7*,197220.43949323648,554248.851821173,0.00315,0.0005,1.0793650793650793,859.3179560638276,0.029079822983450413,1.25,-1.0,0.4442561600791611,1.9391952676890442e-06
5*6*5*8*,198354.05659672836,556406.601386275,6.347,8.016,2.4875689302032455,1731457.4816308299,58.593535389193576,0.2142857142857143,0.9971080862395293,0.3766750733029793,0.010699299107379986
5*6*5*9*,196678.726868575,553378.676924699,1.88395,3.4562999999999997,1.9173014145810663,513940.33756395173,17.39204206656235,0.0,0.0,0.322907715527685,0.0031734508991542575
5*6*6*1*,197917.204091617,557484.014020478,0.05,0.05,1.0,13639.967556568692,0.4615844918008002,0.0,0.0,0.24554411150413877,8.094032421658618e-05
5*6*6*4*,197191.170784742,554475.155936502,0.2615,0.2615,1.0,71337.03032085426,2.4140868921181853,0.0,0.0,0.4570688409694558,0.000437583627795919
5*6*6*5*,198057.61112936452,553799.683061823,0.6569,0.6569,1.4099558532501142,179201.8937581995,6.064297053278913,0.0,0.0,0.43174662718838963,0.0011043295485300478
5*6*6*7*,196230.61916606,552285.915690454,49.2019,49.2019,1.0,13422246.394430745,454.21668014267584,0.0,0.0,0.21855534603491616,0.08296366369632538
5*6*7*3*,196283.791580214,555747.95929827,1.4503,1.4503,1.0,395640.89894583146,13.388719769174008,0.0,0.0,0.3333669679000373,0.0024422056575600366
5*6*7*4*,196900.787074555,552640.677844176,1.9376,1.9376,1.0,528576.02275215,17.887322226264608,0.0,0.0,0.2613727810213942,0.003263918574033838
5*6*7*6*,196528.991272448,557597.83721447,16.4187,16.4187,1.0,4479010.706420688,151.57234591059597,0.0,0.0,0.2001165652645872,0.027682771261800635
5*6*7*7*,196806.644048385,553391.983138244,0.39144999999999996,0.39144999999999996,1.6510410014050327,106787.30600037628,3.6137449863084643,0.0,0.0,0.3329752327205458,0.0006567126930447809
5*6*7*8*,199136.794325195,556946.284551711,3.2295,3.2295,1.0,881005.5044787717,29.81374232541368,0.1111111111111111,0.0,0.2762474088093573,0.005442393675188164
5*6*8*0*,196387.524410147,552803.999218572,0.0077,0.0077,1.0,2100.5550037115786,0.07108401173732323,0.0,0.0,0.24416411333310864,9.611663500719609e-06
5*6*8*2*,199776.124821345,555086.305770824,0.7074,0.7074,1.0,192978.26099033386,6.530497389997721,0.0,0.0,0.3420613902585259,0.0011894855146329143
5*6*8*3*,196743.351555133,552750.814050846,2.1861,2.1861,1.0,596366.6615082965,20.181397150514588,0.0,0.0,0.264557346068091,0.0036829533775301227
5*6*8*9*,200528.737488714,553925.72066801,0.0452,0.0452,1.0,12330.530671138098,0.4172723805879233,0.0,0.0,0.22937950495674936,7.284629179492755e-05
5*6*9*3*,198627.259157474,552840.710724243,0.1604,0.1604,1.0,43757.01592147236,1.4807630496969668,0.05555555555555555,0.0,0.30148077558279557,0.00026710306991473436
5*6*9*5*,197670.6760260095,552574.4975146065,1.0157500000000002,1.0157500000000002,1.851144474526212,277095.94091169303,9.377088950933256,0.0,0.0,0.2798129203015429,0.0017094427848867552
5*6*9*7*,198418.766819043,556758.530028315,0.0299,0.0299,1.0,8156.700598828078,0.27602752609687853,0.0,0.0,0.3280630389382844,4.704656345089072e-05
5*6*9*8*,195951.383498052,553245.998296123,0.3007,0.3007,1.0,82030.76488520412,2.7759691336900123,2.5,0.0,0.24610585698477527,0.0005036848925727978
5*6*9*9*,196586.959798439,555939.438151861,0.1082,0.1082,1.0,29516.88979241465,0.9988688402569317,0.0,0.0,0.3513239689132615,0.00017908046732919693
5*7*0*0*,199466.029215332,554633.6583782565,9.53335,9.53335,1.5128050475436232,2600691.694108283,88.00893029818317,0.027777777777777776,1.0,0.3856598499667906,0.016072303317119972
5*7*0*2*,197440.113638654,558704.149140247,0.7957,0.7957,1.0,217066.4436952342,7.345655602517934,0.0,0.0,0.09202775382900848,0.0013383819860563427
5*7*0*3*,199391.030084457,558648.831960144,0.1534,0.1534,1.0,41847.42046355275,1.416141220844855,0.0,0.0,0.07094956606185628,0.0002552992726331489
5*7*0*9*,198422.84760172467,553437.1002800573,3.7336666666666667,2.68555,1.4420676725292385,1018541.844007506,34.468052617738415,0.0462962962962963,0.2601726113835199,0.3815126140594972,0.006292548122254738
5*7*2*0*,196236.470792801,553526.807736712,0.6823,0.6823,1.0,186130.99727693637,6.2987819751137195,0.0,0.0,0.2952166058514068,0.0011471604700946578
5*7*2*5*,195798.203085536,557261.689459632,0.0141,0.0141,1.0,3846.4708509523707,0.13016682668782564,0.05555555555555555,0.0,0.1696057157497463,2.0403706729597764e-05
5*7*2*7*,198484.454557663,553390.652834812,110.49635,110.49635,1.7450323019719656,30143332.582385186,1020.068031211867,0.0,0.0,0.45474791331487374,0.18632184402293644
5*7*2*8*,197368.303286231,557749.423141723,52.6473,52.6473,1.0,14362149.278818779,486.0235443036853,0.0,0.0,0.24532336516582542,0.08877349271832176
5*7*2*9*,196348.697055245,557796.228163904,0.3759,0.3759,1.0,102545.27609028343,3.4701922093584154,0.0,0.0,0.15599828551786835,0.000630491400512116
5*7*3*2*,198287.910745578,552422.622818397,4.0198,4.0198,1.0,1096598.8316778967,37.109546802817135,0.0,0.0,0.26328900279979794,0.006775042388279166
5*7*4*1*,197113.79329712852,554537.65612655,28.17895,28.17895,1.9992902503464465,7687199.275563427,260.1393263046032,0.32142857142857145,-0.9999999999999999,0.47285425025916145,0.04751357225905287
5*7*4*2*,196864.083486021,553491.160724296,0.1213,0.1213,1.0,33090.561292235645,1.1198039771087411,0.0,0.0,0.3466894100301049,0.00020117043081330688
5*7*4*5*,198278.875959436,558647.235836382,0.7018,0.7018,1.0,191450.58462399815,6.478799926916031,0.0,0.0,0.10184300747960154,0.001180042476807646
5*7*4*6*,196949.720135185,556133.575163604,4.6126,4.6126,1.0,1258314.287028575,42.582092537607416,0.0,0.0,0.37022980746728384,0.007774655392354004
5*7*6*0*,197490.088211552,553197.595957451,66.2039,66.2039,1.0,18060380.96236636,611.1738707346199,0.1111111111111111,0.0,0.39988823334209633,0.11163340103654201
5*7*6*2*,196745.478976668,557055.851538197,0.2612,0.2612,1.0,71255.19051551484,2.41131738516738,0.0,0.0,0.25893924596509216,0.00043707775076956535
5*7*6*6*,197046.522549313,554937.379295588,41.5116,41.5116,1.0,11324337.54442514,383.22221579676193,0.1111111111111111,0.0,0.4827663207741876,0.06999584337710012
5*7*7*0*,199432.524218383,552528.993249763,0.0738,0.0738,1.0,20132.59211349539,0.681298709897981,0.08333333333333333,0.0,0.22460833888056375,0.00012107323497397682
5*7*7*3*,198110.0117258235,554530.748366124,18.01575,18.01575,1.9915795900809015,4914684.910145049,166.31581616320534,0.027777777777777776,-1.0,0.5317099296859008,0.030375807611594363
5*7*7*6*,196485.918220664,554932.318064585,0.5693,0.5693,1.3636044264886702,155304.67059909113,5.25560102364391,0.0,0.0,0.3830228381050522,0.0009566134568347779
5*7*8*0*,197118.8470906925,554622.7445298635,0.5853999999999999,0.5853999999999999,1.7915954902630682,159696.7401523062,5.404231230003767,0.0,0.0,0.455991834066101,0.0009837621905824244
5*7*8*1*,198288.973558258,553724.669703903,1.5668,1.5668,1.0,427422.02335263655,14.464211635069875,0.16666666666666666,0.0,0.4183561588100506,0.0026386545694607093
5*7*8*7*,196826.313453205,553447.047982138,3.1522,3.1522,1.0,859918.1146363168,29.10013270108965,0.0,0.0,0.34187005793168934,0.005312046028064371
5*7*8*9*,197946.463407027,552576.333361197,42.3413,42.3413,1.0,11550679.166058838,390.8817488537044,2.5,0.0,0.313736566523575,0.0713949306063189
5*7*9*5*,198223.032286881,556151.655298379,4.0461,4.0461,1.0,1103773.4546126518,37.35234024550435,0.0,0.0,0.40899211393076934,0.006819390940922837
5*7*9*6*,197092.771537902,555888.90979628,0.3847,0.3847,1.0,104945.91038023953,3.5514310799153566,0.16666666666666666,0.0,0.4012854197703258,0.0006453304599518235
5*7*9*7*,198352.542904897,553136.9497767941,3.39465,3.39465,1.9372247507106772,926058.3173181183,31.33835590183173,0.0,0.0,0.3478609911474687,0.005720878978195856
5*8*0*1*,197993.243873898,558034.508126463,0.3939,0.3939,1.0,107455.66441064815,3.6363626264067035,0.0,0.0,0.1783258796645741,0.0006608440220933358
5*8*1*1*,196284.854473866,552986.98063548,0.1511,0.1511,1.0,41219.98195595059,1.3949083342220183,0.08333333333333333,0.0,0.2536174450755039,0.00025142088209777083
5*8*1*4*,199988.338142313,554089.8103261346,47.552400000000006,47.552400000000006,1.999852793970441,12972263.864739543,438.9890077581674,0.0,0.0,0.33453584181011753,0.08018218317975749
5*8*1*5*,199425.083134409,555546.377378108,15.2056,15.2056,1.0,4148077.813563218,140.37338297052494,0.0,0.0,0.37986990584411917,0.025637173192901867
5*8*2*0*,199280.407550161,552661.979772545,0.1661,0.1661,1.0,45311.9722229212,1.5333836817622581,0.0,0.0,0.24830270269210936,0.00027671473341545397
5*8*2*1*,197962.9343230705,555690.517002484,5.77245,5.77245,1.846893433464127,1574720.6144382989,53.28946799391058,0.0,0.0,0.46996035154629723,0.009730460289074995
5*8*2*2*,197834.236241637,552113.077102476,3.2169,3.2169,1.0,877568.2326545165,29.69742303347988,0.08333333333333333,0.0,0.22683133345948517,0.005421146840081311
5*8*2*8*,197305.2766051575,553815.113800731,4.1407,4.1407,1.9940831260414906,1129580.2732296796,38.225658103991464,0.40476190476190477,1.0,0.4134958808465492,0.006978910829899691
5*8*3*1*,197507.128366121,557633.4717632,0.1211,0.1211,1.0,33036.00142200937,1.117957639141538,0.1111111111111111,0.0,0.22260375550833827,0.00020083317946240444
5*8*3*3*,199044.239948093,558593.514896242,2.5277,2.5277,1.0,689554.9198547736,23.33494239849765,0.0,0.0,0.09265139762058666,0.004258978684871494
5*8*4*7*,196631.1210892815,554389.8070517329,34.23995,34.23995,1.8928941192963191,9340636.142770685,316.09259840069615,0.0,0.0,0.4156778412160516,0.057733974448151384
5*8*4*8*,199273.497727746,552505.081367129,3.9645,3.9645,1.0,1081513.0275603316,36.59903435488545,0.0,0.0,0.23487582781104333,0.006681792389754641
5*8*5*2*,199335.719085756,556184.635263814,0.4098,0.4098,1.0,111793.174093637,3.7831464947993583,0.0,0.0,0.3334088911839527,0.00068765550449008
5*8*5*6*,198023.04515344,557586.666762563,10.7958,10.7958,1.0,2945087.234944086,99.66347713166158,0.0,0.0,0.24110209158068707,0.018201118156853914
5*8*6*0*,195834.370565054,554436.350182884,0.1407,0.1407,1.0,38382.8687041843,1.2988987599274517,0.0,0.0,0.2971929904537761,0.00023388381185084382
5*8*6*9*,197793.788191576,553406.617763619,0.6234,0.6234,1.0,170063.11549529844,5.7550354437723765,2.5,0.0,0.3826776320356547,0.0010478399472538885
5*8*8*0*,196588.022627728,552616.765395505,0.7956,0.7956,1.0,217039.163760121,7.344732433534332,0.0,0.0,0.23964366426463912,0.0013382133603808914
5*8*8*5*,196655.054952777,554976.7262652561,13.7898,26.9968,1.9788684389911384,3761848.4922314193,127.30315650069349,0.32142857142857145,1.0,0.41349533412851147,0.023249770879863477
5*8*8*9*,196369.4400399275,552785.9092874634,0.55265,0.9681,1.875870804306523,150762.56140275375,5.101893387874244,0.027777777777777776,1.0,0.2414680471939972,0.0009285372818721496
5*9*1*3*,197782.643588516,554850.676794149,0.0235,0.0235,1.0,6410.784751587285,0.2169447111463761,0.0,0.0,0.5414350965789467,3.625452022201256e-05
5*9*1*5*,196435.925205049,554206.034873939,0.1926,0.1926,1.0,52541.1550279026,1.7780234624166822,0.0,0.0,0.3591721929983794,0.0003214005374100276
5*9*2*2*,198442.708324578,557831.33016311,17.1872,17.1872,1.0,4688657.007765149,158.66689954957425,0.0,0.0,0.21136434519172942,0.02897865957764327
5*9*3*5*,198300.163601642,553911.369420636,0.7447,0.7447,1.0,203153.67678753412,6.874839420881118,0.05555555555555555,0.0,0.4392241103111083,0.00125238289157622
5*9*4*7*,195958.29622429,553244.935388802,0.9502,0.9502,1.0,259213.94344503144,8.771951682182408,0.0,0.0,0.2471743809066386,0.0015989086546284795
5*9*4*9*,198794.274150476,555270.5040929763,8.797266666666667,8.797266666666667,2.015364620829197,2399888.638396331,81.21363727138906,0.05555555555555555,-0.019612957773461313,0.4594501155034248,0.014831077824402777
5*9*5*1*,196961.676975452,553260.858847876,81.58,81.58,1.8900784506006374,22254971.06529748,753.1212568221856,0.027777777777777776,-1.0,0.39226067047106733,0.13756145351959725
5*9*5*3*,197631.57501366752,555371.1220317241,3.2861000000000002,3.2861000000000002,1.0945802014546118,896445.9477528076,30.33625597013219,0.0,0.0,0.4943436903361148,0.005537835807493556
5*9*5*4*,198788.941849815,556863.310272853,1.0835,1.0835,1.0,295578.0969508435,10.002535937323339,0.0,0.0,0.3025290209809617,0.0018236866800049574
5*9*5*5*,198840.0237955265,554927.7965192465,8.343150000000001,8.343150000000001,1.9958648711817477,2276005.906391722,77.02137305535693,0.0,0.0,0.46394531984489606,0.01406532052789954
5*9*6*8*,196736.4182501,552616.234009538,1.1118,1.1118,1.0,303298.31858786143,10.263792759682593,0.0,0.0,0.24891602886778139,0.0018714077461576529
5*9*7*1*,196298.700468381,552694.44058758,79.9825,79.9825,1.0,21819174.10186511,738.37363230915,0.0,0.0,0.2875561203588048,0.13486765835426398
5*9*7*3*,198173.567056548,553588.002712755,0.0197,0.0197,1.0,5374.147217288065,0.18186428976951527,0.0,0.0,0.4037691490625433,2.984674455486615e-05
5*9*7*4*,201491.436983876,557397.318512423,1.9638,1.9638,1.0,535723.365751792,18.129192499968227,0.0,0.0,0.035216641176176386,0.0033080985010020573
5*9*9*2*,199320.83676987,552915.152520407,47.0573,47.0573,1.0,12837200.905994399,434.4183981203559,0.08333333333333333,0.0,0.30741896170973476,0.07934731746059848
5*9*9*3*,197176.2934481705,557716.9777594451,4.20415,4.20415,1.6866429599324477,1146889.3920589655,38.81140882408668,0.0,0.0,0.20683844361339088,0.0070859038209734925
