grid_id,timestamp,real_time_population,real_time_population_growth,traffic_congestion,transit_change,real_time_temp,real_time_rain,event_flag,holiday_flag,correction_target
5*0*0*0*,2016-08-04 00:00:00,1.305,0.0,0.10683068046412376,0.07398120023224392,9.0,0.0,0,0,-0.9664304145938537
5*0*0*0*,2017-06-03 03:00:00,8.2946,5.356015325670499,0.11508105982960917,0.335846224245932,19.0,0.0,1,0,1.930081950649484
5*0*0*6*,2016-09-03 02:00:00,0.6658,0.0,0.0254596155991149,0.07398120023224392,5.3397459621556145,0.0,1,0,0.9084621780881448
5*0*0*6*,2017-01-03 10:00:00,0.4717,-0.29152898768398916,0.025230503971147535,0.0667092531736058,14.0,0.0,0,0,-0.20656488911256876
5*0*0*8*,2016-03-01 17:00:00,13.1047,0.0,0.01546639232402694,0.07398120023224392,22.660254037844386,0.0,0,0,0.04351223318452181
5*0*1*1*,2016-11-04 14:00:00,0.152,0.0,0.1329866951810113,0.07398120023224392,5.29530151771117,0.05555555555555555,0,0,-1.239427641915136
5*0*1*1*,2017-12-02 13:00:00,3.5734,22.50921052631579,0.13702524502092658,0.20216378480939173,8.911111111111108,0.1111111111111111,1,0,2.1595630487802007
5*0*1*3*,2017-01-07 00:00:00,0.0645,0.0,7.400978399564136e-05,0.07398120023224392,14.0,0.0,0,1,-0.17034091110150637
5*0*2*7*,2017-09-04 15:00:00,0.0257,0.0,2.8211065988769196e-05,0.07398120023224392,5.3397459621556145,0.0,0,0,0.02961787005228746
5*0*2*8*,2017-09-07 05:00:00,2.0901,0.0,0.0024649861549935863,0.07398120023224392,5.3397459621556145,0.0,0,1,-0.1681890323676082
5*0*3*5*,2016-09-04 19:00:00,0.8995,0.0,0.001059626524607452,0.07398120023224392,5.3397459621556145,0.0,0,0,0.030546143965044275
5*0*3*6*,2017-09-02 10:00:00,7.4491,0.0,0.008790638984860284,0.07398120023224392,5.3397459621556145,0.0,0,0,0.03750405517927183
5*0*3*8*,2017-12-01 16:00:00,3.3832,0.0,0.003991334666712308,0.07398120023224392,8.911111111111108,0.1111111111111111,0,0,0.010962459070716427
5*0*3*9*,2016-09-01 13:00:00,0.0063,0.0,5.311706985333112e-06,0.07398120023224392,5.3397459621556145,0.0,0,0,0.029597260629184368
5*0*4*1*,2017-08-03 05:00:00,1.126,0.0,0.0013269824428692185,0.07398120023224392,9.0,0.0,0,0,0.030786764291479866
5*0*4*6*,2017-08-06 20:00:00,0.1286,0.0,0.00014967209905338634,0.07398120023224392,9.0,0.0,0,1,-0.17027281501795438
5*0*4*9*,2016-10-04 04:00:00,0.1379,0.0,0.1366331915114714,0.07398120023224392,4.0,0.0,0,0,-1.2630314695939902
5*0*4*9*,2017-03-03 22:00:00,4.7634,33.54242204496012,0.1420930361027288,0.24727533273987157,22.59358737117772,0.08333333333333333,1,0,2.2257210209689497
5*0*5*5*,2017-07-03 03:00:00,4.86,0.0,0.05612317704524697,0.07398120023224392,12.000000000000002,2.5,1,0,0.7027716523506738
5*0*5*5*,2017-08-03 07:00:00,2.3483,-0.5168106995884774,0.053158418281900044,-0.020119518094295588,9.0,0.0,0,0,-0.48287354370106217
5*0*8*5*,2016-07-06 10:00:00,3.9278,0.0,0.036358414249428345,0.07398120023224392,13.485714285714288,0.6428571428571429,1,1,0.662810882933726
5*0*8*5*,2017-01-06 07:00:00,2.5145,-0.359819746422934,0.03469018414223473,0.021031984477616263,14.0,0.0,0,1,-0.48943329906871363
5*0*8*6*,2017-10-01 09:00:00,4.8366,0.0,0.005706897985041895,0.07398120023224392,4.0,0.0,0,0,0.034728688279435274
5*0*8*7*,2016-08-01 11:00:00,2.1393,0.0,0.1921196344216351,0.07398120023224392,9.0,0.0,0,0,-0.6441155444445791
5*0*8*7*,2016-12-05 03:00:00,11.3504,4.305660730145375,0.20299222646887996,0.4190746136883047,8.999999999999996,0.0,1,0,2.9169582952863906
5*0*8*7*,2017-09-02 04:00:00,5.5365,-0.5122198336622498,0.19612961908176257,-0.14383628046953892,5.3397459621556145,0.0,0,0,0.30993815946266334
5*0*8*7*,2017-10-05 21:00:00,0.6189,-0.8882145759956651,0.19032498568819056,-0.11025644456713125,4.0,0.0,0,0,-1.1837858556565013
5*0*8*8*,2016-02-04 04:00:00,0.05,0.0,0.12436777756191611,0.07398120023224392,19.0,0.0,0,0,-1.147920652611204
5*0*8*8*,2017-11-06 08:00:00,0.6624,12.248,0.12509064186365343,0.09692473644404181,5.3397459621556145,0.0,1,1,1.8407956047647305
5*0*9*1*,2016-01-01 11:00:00,0.0344,0.0,3.8480366160413206e-05,0.07398120023224392,14.0,0.0,0,0,0.02962711242244194
5*0*9*3*,2017-08-07 23:00:00,593.0315,0.0,0.7,0.07398120023224392,9.0,0.0,0,1,0.4595924800928976
5*1*0*3*,2017-07-04 04:00:00,26.1926,0.0,0.03091507895810277,0.07398120023224392,12.000000000000002,2.5,0,0,-0.44258394884480995
5*1*0*6*,2017-04-05 17:00:00,0.8575,0.0,0.001010050592744343,0.07398120023224392,24.0,0.0,0,0,0.030501525626367477
5*1*0*8*,2017-01-02 03:00:00,4.1596,0.0,0.00490778117858178,0.07398120023224392,14.0,0.0,0,0,0.03400948315362117
5*1*1*1*,2017-12-05 05:00:00,3.0569,0.0,0.0036061768913091537,0.07398120023224392,8.911111111111108,0.1111111111111111,0,0,0.01061581707285359
5*1*1*2*,2016-11-06 12:00:00,6.4391,0.0,0.00759845586148552,0.07398120023224392,5.29530151771117,0.05555555555555555,0,1,-0.17468002074287658
5*1*2*0*,2017-05-06 15:00:00,1.3542,0.0,0.15098950751204485,0.07398120023224392,22.66025403784439,0.0,0,1,-0.12493609712109552
5*1*2*0*,2017-06-04 22:00:00,2.9298,1.1634913602126717,0.15284931318450948,0.13301097759231703,19.0,0.0,1,0,2.340384798069529
5*1*2*0*,2017-09-05 04:00:00,0.0392,-0.9866202471158441,0.14943730869299748,-0.03431498816393997,5.3397459621556145,0.0,0,0,-1.338429308633588
5*1*2*4*,2016-01-03 04:00:00,0.2922,0.0,0.06434808067442631,0.07398120023224392,14.0,0.0,1,0,1.3514158983429323
5*1*2*4*,2016-09-02 02:00:00,0.1129,-0.6136208076659821,0.06413643866054404,0.06726373445370805,5.3397459621556145,0.0,0,0,-0.5792818570670784
5*1*2*6*,2017-08-01 14:00:00,4.3152,0.0,0.0050914482023412975,0.07398120023224392,9.0,0.0,0,0,0.03417478347500474
5*1*2*8*,2016-03-04 14:00:00,6.5102,0.0,0.007682380831853783,0.07398120023224392,22.660254037844386,0.0,0,0,0.03650662284156597
5*1*2*9*,2017-04-03 08:00:00,0.002,0.0,2.3607586601480507e-07,0.07398120023224392,24.0,0.0,0,0,0.029592692561176984
5*1*3*4*,2017-08-06 20:00:00,3.2236,0.0,0.003802946125632493,0.07398120023224392,9.0,0.0,0,1,-0.1669848683940332
5*1*3*5*,2016-12-03 20:00:00,0.1717,0.0,0.00020054644817957683,0.07398120023224392,8.999999999999996,0.0,0,0,0.029772971896259187
5*1*3*9*,2017-01-05 17:00:00,4.9559,0.0,0.005847717239119725,0.07398120023224392,14.0,0.0,0,0,0.034855425608105325
5*1*4*6*,2016-08-01 01:00:00,0.028,0.0,3.092593844793945e-05,0.07398120023224392,9.0,0.0,0,0,0.029620313437500715
5*1*5*1*,2016-09-06 11:00:00,0.0037,0.0,0.13981768187945526,0.07398120023224392,5.3397459621556145,0.0,0,1,-1.494840423419894
5*1*5*1*,2017-10-03 17:00:00,0.2195,58.32432432432432,0.14007240773888524,0.08206613673535625,4.0,0.0,1,0,2.2091604388634405
5*1*5*3*,2016-11-04 21:00:00,109.3355,0.0,0.41480562612905236,0.07398120023224392,5.29530151771117,0.05555555555555555,1,0,3.955820118239412
5*1*5*3*,2017-03-01 10:00:00,0.5621,-0.9948589433441105,0.2864117531071784,-4.001208939840221,22.59358737117772,0.08333333333333333,0,0,-2.8364299175352317
5*1*5*3*,2017-10-06 09:00:00,0.3193,-0.4319516100338019,0.28612515700583646,0.06488471004245859,4.0,0.0,0,1,-1.4034969076903052
5*1*5*8*,2016-06-03 02:00:00,4.7724,0.0,0.037026992984476204,0.07398120023224392,18.866666666666667,0.16666666666666666,1,0,0.9552446069549907
5*1*5*8*,2016-10-06 17:00:00,3.0698,-0.3567597016176348,0.03501727913709217,0.010193374049671881,4.0,0.0,0,1,-0.4900682656661462
5*1*6*6*,2016-12-04 17:00:00,0.8995,0.0,0.001059626524607452,0.07398120023224392,8.999999999999996,0.0,0,0,0.030546143965044275
5*1*6*7*,2017-06-01 18:00:00,0.0085,0.0,7.908541511495968e-06,0.07398120023224392,19.0,0.0,0,0,0.029599597780257916
5*1*6*9*,2016-06-02 09:00:00,138.8315,0.0,0.16387170828037784,0.07398120023224392,18.866666666666667,0.16666666666666666,0,0,0.1437436842119043
5*1*7*0*,2018-01-07 14:00:00,27.4579,0.0,0.03240861292444543,0.07398120023224392,14.0,0.0,0,1,-0.14123976827510154
5*1*7*2*,2016-03-05 08:00:00,0.1497,0.0,0.14134815620486846,0.07398120023224392,22.660254037844386,0.0,1,0,2.2211622563208433
5*1*7*2*,2016-08-04 07:00:00,0.0018,-0.9879759519038076,0.1411735781019505,0.06844013392635738,9.0,0.0,0,0,-1.3099241617812658
5*1*7*3*,2017-12-05 04:00:00,0.3348,0.0,0.0003930663169146502,0.07398120023224392,8.911111111111108,0.1111111111111111,0,0,0.007724017555898535
5*1*7*7*,2016-10-01 09:00:00,4.3216,0.0,0.005099002630053772,0.07398120023224392,4.0,0.0,0,0,0.034181582459945965
5*1*7*8*,2016-05-01 07:00:00,106.8848,0.0,0.23245733127324708,0.07398120023224392,22.66025403784439,0.0,1,0,1.9413726032159113
5*1*7*8*,2017-11-06 08:00:00,16.3221,-0.8472925991347694,0.12555899211755223,-3.3189459501403715,5.3397459621556145,0.0,0,1,-2.5171438121274434
5*1*8*4*,2017-01-05 03:00:00,0.0507,0.0,5.7720549240619805e-05,0.07398120023224392,14.0,0.0,0,0,0.02964442858721413
5*1*8*5*,2016-02-07 03:00:00,10.3363,0.0,0.06647518796468381,0.07398120023224392,19.0,0.0,1,1,1.0524166232149417
5*1*8*5*,2016-12-05 01:00:00,7.0448,-0.31844083472809415,0.06258996939974515,-0.04933468716346603,8.999999999999996,0.0,0,0,-0.057348747658759254
5*1*8*5*,2017-01-02 06:00:00,2.7757,-0.6059930729048376,0.05755081200172614,-0.0859604236113002,14.0,0.0,0,0,-0.9285933618017718
5*1*8*5*,2017-09-04 23:00:00,9.9052,2.5685412688691143,0.0659663264354889,0.34108757094095243,5.3397459621556145,0.0,0,0,0.6727590166264409
5*1*8*6*,2016-11-07 05:00:00,10.7843,0.0,0.012727440126523173,0.07398120023224392,5.29530151771117,0.05555555555555555,0,1,-0.17006393490434268
5*1*8*7*,2016-11-02 05:00:00,0.0066,0.0,0.14290920669327936,0.07398120023224392,5.29530151771117,0.05555555555555555,0,0,-1.3352012299500142
5*1*8*7*,2016-11-04 08:00:00,1.1121,167.50000000000003,0.1442141160426762,0.11539870395879939,5.29530151771117,0.05555555555555555,1,0,2.24714195986657
5*1*8*9*,2016-08-07 20:00:00,0.1359,0.0,0.00015828886816292672,0.07398120023224392,9.0,0.0,0,1,-0.1702650599257558
5*1*9*1*,2017-02-03 18:00:00,0.0317,0.0,0.09480571841737334,0.07398120023224392,19.0,0.0,1,0,1.697946347295165
5*1*9*1*,2017-06-05 02:00:00,0.0066,-0.7917981072555205,0.09477609089618849,0.07304082995315161,19.0,0.0,0,0,-0.8685139068388017
5*1*9*2*,2017-02-01 02:00:00,0.1517,0.0,0.00017693886157809632,0.07398120023224392,19.0,0.0,0,0,0.029751725068317855
5*1*9*7*,2016-09-01 23:00:00,3.0846,0.0,0.0036388733987522035,0.07398120023224392,5.3397459621556145,0.0,0,0,0.03286746615177455
5*2*0*1*,2016-03-01 23:00:00,0.0059,0.0,0.14452039448846535,0.07398120023224392,22.660254037844386,0.0,0,0,-1.3393610481566083
5*2*0*1*,2016-03-06 03:00:00,18.0901,3065.1186440677966,0.16586661036939004,0.7515048735852738,22.660254037844386,0.0,1,1,2.348903782055685
5*2*0*2*,2016-01-05 21:00:00,1.8247,0.0,0.16678820505235528,0.07398120023224392,14.0,0.0,1,0,2.487432937380075
5*2*0*2*,2016-10-07 14:00:00,0.5441,-0.7018139968213952,0.16527661128226248,0.026003583522857254,4.0,0.0,0,1,-0.5843491085846451
5*2*0*2*,2017-07-02 01:00:00,0.191,-0.6489615879433928,0.16485981934081334,0.06075232590764261,12.000000000000002,2.5,0,0,-1.4915568128224448
5*2*0*3*,2016-03-03 11:00:00,0.8669,0.0,0.1227145987210652,0.07398120023224392,22.660254037844386,0.0,1,0,2.0023298303066994
5*2*0*3*,2017-04-07 00:00:00,0.0746,-0.9139462452416657,0.12177938417784756,0.04429771927109519,24.0,0.0,0,1,-1.3349736778963424
5*2*0*4*,2016-01-04 09:00:00,0.0762,0.0,8.782022215750745e-05,0.07398120023224392,14.0,0.0,0,0,0.029671518292839327
5*2*0*6*,2016-03-07 05:00:00,0.9889,0.0,0.12975588548285996,0.07398120023224392,22.660254037844386,0.0,0,1,-0.18454114688296366
5*2*0*6*,2016-06-07 17:00:00,0.981,-0.007988674284558628,0.12974656048615235,0.07368522711651367,18.866666666666667,0.16666666666666666,0,1,-0.2289384446890299
5*2*0*6*,2016-07-02 08:00:00,0.696,-0.290519877675841,0.12941015237708126,0.06330368909514004,13.485714285714288,0.6428571428571429,0,0,-0.5232011727984114
5*2*0*6*,2017-04-01 00:00:00,0.7045,0.012212643678161106,0.1294201856013869,0.07429965231878911,24.0,0.0,0,0,-0.3784544742002133
5*2*0*6*,2017-07-03 06:00:00,2.0469,1.9054648687012063,0.13100472681407827,0.12427415093557098,12.000000000000002,2.5,1,0,1.6014518042305617
5*2*0*8*,2017-12-03 16:00:00,0.0268,0.0,2.9509483251850623e-05,0.07398120023224392,8.911111111111108,0.1111111111111111,0,0,0.007396816405602014
5*2*0*9*,2016-06-07 00:00:00,6.877,0.0,0.008115343970124936,0.07398120023224392,18.866666666666667,0.16666666666666666,0,1,-0.19643704366732334
5*2*2*6*,2016-01-01 10:00:00,0.0644,0.0,0.17258924354247054,0.07398120023224392,14.0,0.0,0,0,-1.2245429926588978
5*2*2*6*,2017-02-01 05:00:00,0.7967,11.37111801242236,0.17345363532588376,0.10141678411189707,19.0,0.0,0,0,-0.18331564249071802
5*2*2*6*,2017-11-01 14:00:00,2.3399,1.9369900840968999,0.175275196708054,0.13179711316830942,5.3397459621556145,0.0,1,0,2.5999229421733636
5*2*2*7*,2018-01-06 09:00:00,6.5602,0.0,0.007741399798357484,0.07398120023224392,14.0,0.0,0,1,-0.1634402600885807
5*2*2*9*,2016-02-02 05:00:00,0.144,0.0,0.00016784994073652633,0.07398120023224392,19.0,0.0,0,0,0.02974354503956044
5*2*3*1*,2016-12-05 02:00:00,0.0092,0.0,8.734807042547784e-06,0.07398120023224392,8.999999999999996,0.0,0,0,0.029600341419235864
5*2*3*6*,2017-10-03 09:00:00,0.1426,0.0,0.0001661974096744227,0.07398120023224392,4.0,0.0,0,0,0.02974205776160455
5*2*3*7*,2016-01-03 05:00:00,0.7187,0.0,0.0008462139417300683,0.07398120023224392,14.0,0.0,0,0,0.03035407264045463
5*2*4*2*,2016-04-02 01:00:00,0.2478,0.0,0.07901689594189677,0.07398120023224392,24.0,0.0,1,0,1.5173172221215023
5*2*4*2*,2016-05-07 16:00:00,0.0731,-0.70500403551251,0.07881068367293284,0.06743607322995604,22.66025403784439,0.0,0,1,-0.9187054910832755
5*2*4*3*,2016-08-07 16:00:00,0.0071,0.0,0.1117607494878928,0.07398120023224392,9.0,0.0,0,1,-1.2290228453679988
5*2*4*3*,2017-06-04 12:00:00,0.0554,6.80281690140845,0.11181776180953538,0.07579075738284782,19.0,0.0,1,0,1.8901522885817208
5*2*4*4*,2018-01-03 09:00:00,2.2282,0.0,0.002627996540476809,0.07398120023224392,14.0,0.0,0,0,0.0319576769793267
5*2*4*5*,2017-03-07 02:00:00,0.0396,0.0,4.461833867679814e-05,0.07398120023224392,22.59358737117772,0.08333333333333333,0,1,-0.18703403006896
5*2*4*8*,2017-11-06 18:00:00,3.0498,0.0,0.028052834675908727,0.07398120023224392,5.3397459621556145,0.0,1,1,0.7085057204507754
5*2*4*8*,2017-12-02 16:00:00,2.1675,-0.2892976588628762,0.027011385992984416,0.04092587364885187,8.911111111111108,0.1111111111111111,0,0,-0.23520731451855556
5*2*4*9*,2016-08-06 01:00:00,0.2849,0.0,0.00033416538834395637,0.07398120023224392,9.0,0.0,0,1,-0.1701067710575929
5*2*5*1*,2017-12-06 21:00:00,5.0977,0.0,0.006015095028124222,0.07398120023224392,8.911111111111108,0.1111111111111111,0,1,-0.18721615660401286
5*2*5*6*,2017-02-06 15:00:00,1.0409,0.0,0.001226532161879919,0.07398120023224392,19.0,0.0,0,1,-0.1693036409614105
5*2*5*8*,2016-03-04 01:00:00,0.0203,0.0,0.042701828002690775,0.07398120023224392,22.660254037844386,0.0,0,0,-0.3746842080380141
5*2*5*8*,2016-06-06 05:00:00,0.0373,0.8374384236453203,0.042721894451302034,0.07461810440533431,18.866666666666667,0.16666666666666666,1,1,0.8776719467683056
5*2*5*9*,2016-05-03 18:00:00,8.5101,0.0,0.12327949614092265,0.07398120023224392,22.66025403784439,0.0,1,0,2.1598273069728275
5*2*5*9*,2016-07-04 15:00:00,7.5006,-0.11862375295237415,0.12208790320721292,0.03616033183608133,13.485714285714288,0.6428571428571429,0,0,1.0687587587559928
5*2*5*9*,2016-08-02 11:00:00,0.2483,-0.966895981654801,0.11352743819171708,-0.19772586650325888,9.0,0.0,0,0,-1.3917394453085485
5*2*5*9*,2018-01-02 18:00:00,1.2318,3.960934353604511,0.11468834126284488,0.11082797989309177,14.0,0.0,0,0,-0.9298957298860097
5*2*6*3*,2016-05-03 07:00:00,0.8092,0.0,0.11995727090360203,0.07398120023224392,22.66025403784439,0.0,1,0,3.0055589907935567
5*2*6*3*,2016-09-07 12:00:00,0.1364,-0.8314384577360356,0.11916311169032823,0.048774780958407156,5.3397459621556145,0.0,0,1,-0.9381025586185205
5*2*6*3*,2017-10-02 12:00:00,0.0208,-0.8475073313782991,0.11902665983977166,0.06965025185522916,4.0,0.0,0,0,-1.2681616007663523
5*2*6*4*,2016-12-04 17:00:00,14.1273,0.0,0.016673448226960638,0.07398120023224392,8.999999999999996,0.0,0,0,0.04459858349716214
5*2*6*7*,2018-01-03 23:00:00,0.1131,0.0,0.00013137621943723897,0.07398120023224392,14.0,0.0,0,0,0.029710718690391085
5*2*6*8*,2017-05-03 01:00:00,0.2908,0.0,0.00034112962639139315,0.07398120023224392,22.66025403784439,0.0,0,0,0.029899496756649824
5*2*7*0*,2016-07-06 09:00:00,1.2793,0.0,0.0015079345941695667,0.07398120023224392,13.485714285714288,0.6428571428571429,0,1,-0.2976218073437784
5*2*7*1*,2016-05-01 11:00:00,12.9217,0.0,0.15658513917826722,0.07398120023224392,22.66025403784439,0.0,1,0,2.2365473998053913
5*2*7*1*,2016-07-06 03:00:00,0.148,-0.9885463986936703,0.14150732772970065,-0.40458484893275093,13.485714285714288,0.6428571428571429,0,1,-1.8290770676398516
5*2*7*2*,2016-02-07 18:00:00,0.208,0.0,0.02835886501869767,0.07398120023224392,19.0,0.0,0,1,-0.4365189333345038
5*2*7*2*,2017-07-02 16:00:00,0.3084,0.48269230769230775,0.028477375103437102,0.07774268134861313,12.000000000000002,2.5,1,0,0.44836110207676805
5*2*7*3*,2016-11-04 10:00:00,4.7077,0.0,0.23676525982767044,0.07398120023224392,5.29530151771117,0.05555555555555555,1,0,3.2298560063846136
5*2*7*3*,2017-01-01 05:00:00,0.2774,-0.9410752596809482,0.2315358252816435,-0.09199977377025156,14.0,0.0,0,0,-1.0987121821980508
5*2*7*3*,2017-07-01 06:00:00,1.9588,6.061283345349676,0.23352051508722996,0.13697476944602083,12.000000000000002,2.5,0,0,-0.11302611620829484
5*2*7*3*,2017-09-07 07:00:00,0.3019,-0.8458750255258322,0.2315647445752303,0.011905522326744335,5.3397459621556145,0.0,0,1,-1.2368364215008787
5*2*7*5*,2016-03-03 06:00:00,8.6182,0.0,0.010170620459649829,0.07398120023224392,22.660254037844386,0.0,0,0,0.03874603850658241
5*2*7*8*,2017-09-04 17:00:00,2.6995,0.0,0.003184309318740697,0.07398120023224392,5.3397459621556145,0.0,0,0,0.03245835847976419
5*2*8*1*,2016-11-04 01:00:00,20.8624,0.0,0.024623421052942206,0.07398120023224392,5.29530151771117,0.05555555555555555,0,0,0.040642447929434444
5*2*8*3*,2016-09-04 16:00:00,0.5417,0.0,0.0006372868003069659,0.07398120023224392,5.3397459621556145,0.0,0,0,0.03016603821317384
5*2*8*5*,2017-05-07 23:00:00,0.3334,0.0,0.00039141378585254657,0.07398120023224392,22.66025403784439,0.0,0,1,-0.17005524749983514
5*2*8*6*,2016-02-06 06:00:00,0.0295,0.0,0.22625879764137038,0.07398120023224392,19.0,0.0,0,1,-1.4505873542887675
5*2*8*6*,2016-04-07 21:00:00,1.1613,38.36610169491526,0.22759475096714815,0.11638403217952159,24.0,0.0,0,1,-0.8113822705207658
5*2*8*6*,2017-05-05 03:00:00,7.0101,5.036424696460863,0.23449855359288513,0.29310620773643,22.66025403784439,0.0,1,0,3.2748750928500745
5*2*8*9*,2016-07-02 18:00:00,7.4386,0.0,0.008778245001894508,0.07398120023224392,13.485714285714288,0.6428571428571429,0,0,-0.09107852797682596
5*2*9*0*,2016-04-03 08:00:00,0.9344,0.0,0.301100821763227,0.07398120023224392,24.0,0.0,0,0,-0.40686280680651954
5*2*9*0*,2016-09-06 20:00:00,0.202,-0.7838184931506849,0.30023631194188083,0.04654186985745491,5.3397459621556145,0.0,0,1,-1.239835059055726
5*2*9*0*,2017-04-06 12:00:00,0.1819,-0.09950495049504948,0.3002125863173463,0.0732281547099429,24.0,0.0,0,1,-1.2462306298416501
5*2*9*0*,2017-11-06 05:00:00,0.0404,-0.7778999450247389,0.30004556264214083,0.06867990961505024,5.3397459621556145,0.0,0,1,-1.368219927325333
5*2*9*0*,2017-12-01 20:00:00,7.4836,184.23762376237624,0.30883136207174783,0.35284032618203837,8.911111111111108,0.1111111111111111,1,0,5.844418765308408
5*2*9*1*,2016-03-02 06:00:00,0.283,0.0,0.0003319226676168157,0.07398120023224392,22.660254037844386,0.0,0,0,0.029891210493752703
5*2*9*2*,2016-03-06 05:00:00,4.6441,0.0,0.0054796749640026446,0.07398120023224392,22.660254037844386,0.0,1,1,1.9273066075978769
5*2*9*2*,2017-03-07 05:00:00,0.0112,-0.9975883378910876,1.1095565702695835e-05,-0.09959017291543489,22.59358737117772,0.08333333333333333,0,1,-1.7492751698610847
5*2*9*3*,2016-06-06 00:00:00,3.0959,0.0,0.00365221168518204,0.07398120023224392,18.866666666666667,0.16666666666666666,0,1,-0.20045386272377194
5*2*9*4*,2016-10-02 20:00:00,2.7742,0.0,0.0032724836546972266,0.07398120023224392,4.0,0.0,0,0,0.032537715382125076
5*2*9*8*,2016-02-04 09:00:00,20.4927,0.0,0.02418703481461383,0.07398120023224392,19.0,0.0,0,0,0.05136081142605002
5*2*9*9*,2016-06-04 16:00:00,0.3859,0.0,0.0004533837006814329,0.07398120023224392,18.866666666666667,0.16666666666666666,0,0,-0.0033328079098224744
5*3*0*3*,2016-10-03 04:00:00,0.0196,0.0,2.1010752075317642e-05,0.07398120023224392,4.0,0.0,0,0,0.029611389769765354
5*3*0*4*,2016-09-04 00:00:00,1.483,0.0,0.0017483778637056454,0.07398120023224392,5.3397459621556145,0.0,0,0,0.03116602017023265
5*3*0*5*,2017-01-07 22:00:00,0.0199,0.0,2.136486587433985e-05,0.07398120023224392,14.0,0.0,0,1,-0.17038829152781554
5*3*0*9*,2016-02-07 06:00:00,0.0443,0.0,5.0166121528146054e-05,0.07398120023224392,19.0,0.0,0,1,-0.17036237039772711
5*3*1*0*,2017-02-05 14:00:00,13.2698,0.0,0.015661272951422164,0.07398120023224392,19.0,0.0,0,0,0.04368762574917752
5*3*1*1*,2017-06-05 08:00:00,0.16,0.0,0.00018673601001771074,0.07398120023224392,19.0,0.0,0,0,0.029760542501913508
5*3*1*2*,2017-08-07 00:00:00,29.5119,0.0,0.03483311206841748,0.07398120023224392,9.0,0.0,0,1,-0.13905771904552672
5*3*1*4*,2016-05-01 12:00:00,0.0258,0.0,2.8329103921776596e-05,0.07398120023224392,22.66025403784439,0.0,0,0,0.029617976286427167
5*3*1*6*,2017-04-01 05:00:00,0.8718,0.0,0.0010269300171644015,0.07398120023224392,24.0,0.0,0,0,0.03051671710834553
5*3*2*1*,2016-01-03 04:00:00,0.3277,0.0,0.02659691485213122,0.07398120023224392,14.0,0.0,0,0,-0.2183628636857184
5*3*2*1*,2017-08-04 03:00:00,0.4728,0.4427830332621301,0.026768187892924962,0.0794173646743273,9.0,0.0,1,0,0.9277508821188974
5*3*2*3*,2017-04-05 23:00:00,26.3442,0.0,0.03109402446454199,0.07398120023224392,24.0,0.0,0,0,0.057577102110985365
5*3*2*5*,2016-10-02 18:00:00,0.0061,0.0,0.08913491757133897,0.07398120023224392,4.0,0.0,0,0,-1.1612453101062419
5*3*2*5*,2016-12-06 23:00:00,0.0646,9.59016393442623,0.0892039697621483,0.07617289988670208,8.999999999999996,0.0,1,1,1.43527316643536
5*3*2*5*,2017-05-07 05:00:00,0.0492,-0.23839009287925705,0.08918579192046516,0.07340423998132671,22.66025403784439,0.0,0,1,0.25616769103954795
5*3*2*6*,2018-01-04 16:00:00,3.8875,0.0,0.004586599962868638,0.07398120023224392,14.0,0.0,0,0,0.033720420059479346
5*3*3*1*,2016-04-04 20:00:00,3.2388,0.0,0.003820887891449619,0.07398120023224392,24.0,0.0,0,0,0.033031279195202226
5*3*3*2*,2016-01-04 13:00:00,1.1675,0.0,0.0013759681850672907,0.07398120023224392,14.0,0.0,0,0,0.03083085145945813
5*3*3*6*,2017-10-02 10:00:00,7.1679,0.0,0.07590879838306004,0.07398120023224392,4.0,0.0,1,0,1.3975523789977173
5*3*3*6*,2018-01-04 03:00:00,2.6081,-0.6361416872445207,0.0705265047137885,-0.09685148497114617,14.0,0.0,0,0,-0.6749087201061144
5*3*3*7*,2017-08-05 16:00:00,0.182,0.0,0.0002127043552793393,0.07398120023224392,9.0,0.0,0,0,0.029783914012648974
5*3*3*8*,2016-01-07 09:00:00,0.2588,0.0,0.13150997529606578,0.07398120023224392,14.0,0.0,0,1,-1.4274910602424409
5*3*3*8*,2016-03-07 10:00:00,5.9444,21.969088098918085,0.13822114001513466,0.2869919276747621,22.660254037844386,0.0,1,1,2.000167572182725
5*3*3*8*,2017-04-07 23:00:00,3.1467,-0.4706446403337595,0.13491879276338656,-0.030834494182757688,24.0,0.0,0,1,-0.07643614118345612
5*3*3*9*,2016-01-02 11:00:00,0.2995,0.0,0.0003513989265630372,0.07398120023224392,14.0,0.0,0,0,0.029908739126804303
5*3*4*1*,2016-05-01 15:00:00,0.0293,0.0,3.246043157703568e-05,0.07398120023224392,22.66025403784439,0.0,0,0,0.0296216944813169
5*3*4*2*,2017-01-05 20:00:00,0.0118,0.0,0.09406176667306007,0.07398120023224392,14.0,0.0,0,0,-0.861307485456904
5*3*4*2*,2018-01-06 09:00:00,0.0557,3.7203389830508478,0.09411358532565033,0.07562591159687147,14.0,0.0,1,1,1.4905081469873893
5*3*4*3*,2016-09-03 18:00:00,5.4757,0.0,0.006461278414892203,0.07398120023224392,5.3397459621556145,0.0,0,0,0.03540763066630055
5*3*4*4*,2016-01-01 11:00:00,0.0243,0.0,2.6558534926665557e-05,0.07398120023224392,14.0,0.0,0,0,0.029616382774331568
5*3*4*5*,2017-01-02 03:00:00,0.0179,0.0,1.90041072141918e-05,0.07398120023224392,14.0,0.0,0,0,0.029609583789390343
5*3*4*6*,2016-12-03 15:00:00,7.306,0.0,0.07734243063625541,0.07398120023224392,8.999999999999996,0.0,1,0,1.4120224748336243
5*3*4*6*,2017-12-06 01:00:00,2.599,-0.6442649876813578,0.07178638512959698,-0.10236632581108188,8.911111111111108,0.1111111111111111,0,1,-0.9113828130981148
5*3*6*0*,2017-08-01 01:00:00,3.0501,0.0,0.1457075164971777,0.07398120023224392,9.0,0.0,1,0,2.2347923645165264
5*3*6*0*,2017-08-06 11:00:00,0.0266,-0.9912789744598538,0.1421386395926989,-0.0392940801994526,9.0,0.0,0,1,-1.5618559760225212
5*3*6*1*,2017-03-05 01:00:00,0.2099,0.0,0.14260131267509396,0.07398120023224392,22.59358737117772,0.08333333333333333,0,0,-1.3353510290048836
5*3*6*1*,2017-12-07 16:00:00,26.7211,126.30395426393521,0.17389458517055245,1.0672220186813237,8.911111111111108,0.1111111111111111,1,1,2.4377897357425033
5*3*6*2*,2017-09-07 00:00:00,0.0098,0.0,0.11123468830061321,0.07398120023224392,5.3397459621556145,0.0,0,1,-1.224006547786374
5*3*6*2*,2017-12-01 04:00:00,0.0751,6.663265306122449,0.11131176707086704,0.07642766155593823,8.911111111111108,0.1111111111111111,1,0,1.8622396801137566
5*3*6*3*,2017-05-05 11:00:00,2.1851,0.0,0.0025771221913506183,0.07398120023224392,22.66025403784439,0.0,0,0,0.03191189006511313
5*3*6*5*,2016-03-01 02:00:00,3.5776,0.0,0.09921090498751421,0.07398120023224392,22.660254037844386,0.0,1,0,1.7041896929838831
5*3*6*5*,2017-06-06 01:00:00,0.7409,-0.7929058586762074,0.09586252294189324,-0.0322956272857298,19.0,0.0,0,1,-1.111949378668811
5*3*6*6*,2016-02-01 14:00:00,0.4308,0.0,0.0005063827326017567,0.07398120023224392,19.0,0.0,0,0,0.03004822455223915
5*3*6*7*,2016-01-01 21:00:00,1.2861,0.0,0.07169103734328777,0.07398120023224392,14.0,0.0,0,0,-0.6337932145699756
5*3*6*7*,2016-08-03 23:00:00,3.7111,1.885545447476868,0.07455345721871728,0.16483370727602234,9.0,0.0,1,0,1.4609392226790865
5*3*6*8*,2016-04-03 09:00:00,21.673,0.0,0.14872911435836267,0.07398120023224392,24.0,0.0,1,0,2.040839638201433
5*3*6*8*,2017-06-07 11:00:00,1.7371,-0.9198495824297512,0.1251971900719399,-0.6729163235508744,19.0,0.0,0,1,-1.6338800135416132
5*3*6*9*,2016-08-02 01:00:00,0.0898,0.0,0.2542568784965735,0.07398120023224392,9.0,0.0,0,0,-1.225638958669979
5*3*6*9*,2017-05-05 12:00:00,1.9597,20.82293986636971,0.25646406980587894,0.1440369127770527,22.66025403784439,0.0,0,0,-0.8637672920457458
5*3*6*9*,2018-01-01 15:00:00,23.306,10.892636628055316,0.2816608010994381,0.873719291411051,14.0,0.0,1,0,3.8392447869455655
5*3*7*2*,2017-06-05 13:00:00,0.6352,0.0,0.0007476522676688872,0.07398120023224392,19.0,0.0,0,0,0.030265367133799567
5*3*7*3*,2016-08-07 16:00:00,0.8302,0.0,0.13631457340563677,0.07398120023224392,9.0,0.0,1,1,1.9560881180187615
5*3*7*3*,2017-07-01 12:00:00,0.0275,-0.966875451698386,0.13536708291738633,0.04390808377696929,12.000000000000002,2.5,0,0,-1.764418913724355
5*3*7*4*,2016-04-04 11:00:00,0.0213,0.0,0.1314106849754061,0.07398120023224392,24.0,0.0,0,0,-1.3487249037639497
5*3*7*4*,2016-09-02 21:00:00,17.8666,837.8075117370892,0.1524749082343761,0.7425544967057857,5.3397459621556145,0.0,1,0,2.3970989728925463
5*3*7*4*,2017-04-03 04:00:00,10.1959,-0.42933182586502183,0.14342057250717727,-0.21340120215155445,24.0,0.0,0,0,0.17745527793125696
5*3*7*6*,2016-06-04 15:00:00,10.9902,0.0,0.012970480230585415,0.07398120023224392,18.866666666666667,0.16666666666666666,0,0,0.007932578967091111
5*3*8*2*,2016-09-03 19:00:00,0.2005,0.0,0.11866327864998628,0.07398120023224392,5.3397459621556145,0.0,0,0,-1.0920407465567619
5*3*8*2*,2017-10-03 05:00:00,2.0144,9.046882793017456,0.12080436871680755,0.14193887550099019,4.0,0.0,1,0,1.99392965948017
5*3*8*3*,2016-09-06 18:00:00,0.5935,0.0,0.08167930420383158,0.07398120023224392,5.3397459621556145,0.0,0,1,-0.9368894737731333
5*3*8*3*,2017-03-03 21:00:00,2.1042,2.545408593091828,0.08346250325777442,0.130579502249166,22.59358737117772,0.08333333333333333,1,0,1.5506747148144757
5*3*8*4*,2016-10-02 21:00:00,0.5639,0.0,0.0006634912214346092,0.07398120023224392,4.0,0.0,0,0,0.030189622192188716
5*3*8*5*,2018-01-04 11:00:00,0.5835,0.0,0.0006866266563040602,0.07398120023224392,14.0,0.0,0,0,0.030210444083571222
5*3*8*6*,2016-07-07 16:00:00,0.2632,0.0,0.00030855115688135004,0.07398120023224392,13.485714285714288,0.6428571428571429,0,1,-0.2987012524373378
5*3*8*8*,2018-01-05 21:00:00,0.1496,0.0,0.00017446006498494086,0.07398120023224392,14.0,0.0,0,0,0.029749494151384014
5*3*8*9*,2017-01-01 13:00:00,0.0028,0.0,0.14438255482328743,0.07398120023224392,14.0,0.0,0,0,-1.3380932848929692
5*3*8*9*,2017-02-01 12:00:00,3.5416,1263.857142857143,0.14855968119655338,0.20656217009885136,19.0,0.0,1,0,2.3139586454432637
5*3*9*0*,2016-10-07 23:00:00,0.0252,0.0,0.2789739455632376,0.07398120023224392,4.0,0.0,0,1,-1.4136331349814957
5*3*9*0*,2016-12-05 03:00:00,19.431,770.0714285714286,0.30188015076678815,0.8010185533003491,8.999999999999996,0.0,1,0,4.085536496459458
5*3*9*0*,2017-02-04 22:00:00,0.2327,-0.9880242910812619,0.279218874274228,-0.6452821754290226,19.0,0.0,0,0,-1.4542013613851286
5*3*9*0*,2017-10-04 05:00:00,9.1533,38.33519553072626,0.28974856612608635,0.4081910453187304,4.0,0.0,0,0,0.9936526358937845
5*3*9*0*,2018-01-05 20:00:00,4.3283,-0.5271322910862749,0.28405323585847914,-0.10678719007135647,14.0,0.0,0,0,-0.30841876731630413
5*3*9*1*,2016-05-03 16:00:00,141.6268,0.0,0.4514458135593189,0.07398120023224392,22.66025403784439,0.0,1,0,5.496324948136276
5*3*9*1*,2016-07-06 16:00:00,0.123,-0.9991315203054789,0.2844176529123901,-5.227451783776586,13.485714285714288,0.6428571428571429,0,1,-3.658399740961996
5*3*9*1*,2016-12-07 02:00:00,0.2741,1.2284552845528456,0.28459600822916425,0.07964215438247686,8.999999999999996,0.0,0,1,-1.4004711019785423
5*3*9*1*,2017-02-06 13:00:00,0.5431,0.9813936519518425,0.28491353026895416,0.08405927214761562,19.0,0.0,0,1,-1.3870974921000214
5*3*9*2*,2017-09-02 10:00:00,0.2173,0.0,0.00025437174563095236,0.07398120023224392,5.3397459621556145,0.0,0,0,0.029821414663965425
5*3*9*5*,2016-10-04 07:00:00,0.8481,0.0,0.000998955027041647,0.07398120023224392,4.0,0.0,0,0,0.030491539617235053
5*3*9*8*,2016-12-07 10:00:00,0.5984,0.0,0.0007042143083221633,0.07398120023224392,8.999999999999996,0.0,0,1,-0.1697737270296125
5*4*0*0*,2017-12-03 10:00:00,0.7032,0.0,0.0008279180621139211,0.07398120023224392,8.911111111111108,0.1111111111111111,0,0,0.00811538412657788
5*4*0*1*,2017-12-03 09:00:00,3.1428,0.0,0.003707571475762512,0.07398120023224392,8.911111111111108,0.1111111111111111,0,0,0.010707072198861613
5*4*0*2*,2016-03-01 14:00:00,0.148,0.0,0.04776979704201443,0.07398120023224392,22.660254037844386,0.0,1,0,1.1662988133714378
5*4*0*2*,2017-01-04 10:00:00,0.0747,-0.49527027027027026,0.04768327523712,0.07123501929768351,14.0,0.0,0,0,-0.42230456050824605
5*4*0*5*,2017-02-07 18:00:00,0.0281,0.0,0.003790398876076424,0.07398120023224392,19.0,0.0,0,1,-0.20599096161187458
5*4*0*5*,2017-04-07 02:00:00,0.0296,0.053380782918149405,0.0037921694450715354,0.0740373976592813,24.0,0.0,1,1,0.47202271225751774
5*4*0*6*,2017-02-05 09:00:00,0.968,0.0,0.030249092540119853,0.07398120023224392,19.0,0.0,1,0,0.9587526276381269
5*4*0*6*,2017-09-05 22:00:00,0.6436,-0.33512396694214874,0.029866177485443842,0.061827570011624644,5.3397459621556145,0.0,0,0,-0.25032537651757203
5*4*0*9*,2016-08-05 12:00:00,18.5956,0.0,0.021947737187530406,0.07398120023224392,9.0,0.0,0,0,0.04934544356167493
5*4*1*0*,2016-02-03 08:00:00,0.0069,0.0,6.019934583377526e-06,0.07398120023224392,19.0,0.0,0,0,0.02959789803402261
5*4*1*1*,2016-10-02 05:00:00,7.7714,0.0,0.009171075242943142,0.07398120023224392,4.0,0.0,0,0,0.0378464478115464
5*4*1*2*,2016-07-03 05:00:00,0.0088,0.0,8.262655310518175e-06,0.07398120023224392,13.485714285714288,0.6428571428571429,0,0,-0.09897151208875155
5*4*1*3*,2017-01-04 12:00:00,0.16,0.0,0.1318464518354721,0.07398120023224392,14.0,0.0,1,0,2.1139259285358674
5*4*1*3*,2017-10-05 05:00:00,0.0075,-0.953125,0.13166644398763583,0.06826779515010939,4.0,0.0,0,0,-1.219864724142129
5*4*1*4*,2017-08-02 17:00:00,0.3319,0.0,0.13986389803875862,0.07398120023224392,9.0,0.0,1,0,2.2021997900442645
5*4*1*4*,2018-01-07 08:00:00,0.006,-0.9819222657426936,0.13947921241508748,0.06177137258458726,14.0,0.0,0,1,-1.4964899615090703
5*4*1*6*,2016-04-06 12:00:00,4.8684,0.0,0.005744434047738249,0.07398120023224392,24.0,0.0,0,1,-0.165237529264138
5*4*1*8*,2016-10-01 21:00:00,0.1479,0.0,0.11033863491285222,0.07398120023224392,4.0,0.0,0,0,-1.013827605559374
5*4*1*8*,2017-09-02 19:00:00,1.094,6.396889790398919,0.11145539179703526,0.10942679071229289,5.3397459621556145,0.0,1,0,1.8868054259760876
5*4*2*1*,2017-09-04 20:00:00,0.8487,0.0,0.0009996632546396915,0.07398120023224392,5.3397459621556145,0.0,0,0,0.03049217702207329
5*4*2*2*,2016-10-06 07:00:00,0.0953,0.0,0.00011036546736192132,0.07398120023224392,4.0,0.0,0,1,-0.1703081909864767
5*4*2*3*,2016-04-07 02:00:00,13.09,0.0,0.11916239404138264,0.07398120023224392,24.0,0.0,1,1,1.6126300002209655
5*4*2*3*,2017-12-03 10:00:00,2.1558,-0.8353093964858671,0.10625589037048723,-0.33566807090923323,8.911111111111108,0.1111111111111111,0,0,-1.1366505147433006
5*4*2*6*,2016-11-07 18:00:00,0.1647,0.0,0.00019228379286905867,0.07398120023224392,5.29530151771117,0.05555555555555555,0,1,-0.1813455756046314
5*4*2*7*,2017-01-01 00:00:00,0.9086,0.0,0.0010703679765111255,0.07398120023224392,14.0,0.0,0,0,0.03055581127175758
5*4*2*8*,2016-12-07 19:00:00,7.9861,0.0,0.009424502685110036,0.07398120023224392,8.999999999999996,0.0,0,1,-0.1619254674905034
5*4*3*0*,2016-08-03 20:00:00,0.0978,0.0,0.00011331641568710638,0.07398120023224392,9.0,0.0,0,0,0.029694464867015966
5*4*3*3*,2016-06-02 01:00:00,0.0157,0.0,0.13631899719517054,0.07398120023224392,18.866666666666667,0.16666666666666666,0,0,-1.294884710759294
5*4*3*3*,2016-12-02 23:00:00,0.5309,32.81528662420383,0.13692712862602469,0.09328314317201902,8.999999999999996,0.0,1,0,2.1743786280267408
5*4*3*7*,2016-08-02 17:00:00,0.4721,0.0,0.0005551323989338139,0.07398120023224392,9.0,0.0,0,0,0.030092099251938002
5*4*3*8*,2017-12-06 19:00:00,0.02,0.0,2.148290380734725e-05,0.07398120023224392,8.911111111111108,0.1111111111111111,0,1,-0.19261040751589806
5*4*3*9*,2016-06-05 05:00:00,0.042,0.0,0.04883281257609073,0.07398120023224392,18.866666666666667,0.16666666666666666,0,0,0.4420954705308761
5*4*3*9*,2016-06-05 18:00:00,0.0167,-0.6023809523809525,0.048802948979039855,0.07303333696287995,18.866666666666667,0.16666666666666666,0,0,-0.703970929372706
5*4*3*9*,2016-10-03 19:00:00,0.0443,1.6526946107784433,0.048835527448549895,0.07501523288973186,4.0,0.0,1,0,1.179995803708644
5*4*3*9*,2018-01-07 20:00:00,0.0295,-0.3340857787810384,0.0488180578344648,0.07342671895214167,14.0,0.0,0,1,-0.29084400376435154
5*4*4*1*,2017-04-06 06:00:00,18.7581,0.0,0.13283860271319542,0.07398120023224392,24.0,0.0,1,1,1.6973994249291715
5*4*4*1*,2017-09-06 19:00:00,2.4915,-0.8671773793721113,0.11363784430261328,-0.5354461775320143,5.3397459621556145,0.0,0,1,-1.4601566135348516
5*4*4*2*,2016-09-07 11:00:00,0.9235,0.0,0.06809948266814962,0.07398120023224392,5.3397459621556145,0.0,1,1,1.1859749787874925
5*4*4*2*,2016-10-07 00:00:00,0.0551,-0.9403356794802382,0.06707444125791334,0.041446636472731675,4.0,0.0,0,1,-1.4920856180865183
5*4*4*2*,2017-05-03 14:00:00,0.9146,15.5989110707804,0.06808897729211195,0.10618232592466764,22.66025403784439,0.0,0,0,0.7776913154472406
5*4*4*4*,2016-07-03 23:00:00,1.305,0.0,0.001538270342952469,0.07398120023224392,13.485714285714288,0.6428571428571429,0,0,-0.0975945051698738
5*4*4*5*,2016-01-03 03:00:00,0.0075,0.0,6.728162181421942e-06,0.07398120023224392,14.0,0.0,0,0,0.02959853543886085
5*4*4*6*,2016-12-06 14:00:00,0.5887,0.0,0.0006927646288204452,0.07398120023224392,8.999999999999996,0.0,0,1,-0.16978403174116405
5*4*4*7*,2017-05-06 04:00:00,0.1609,0.0,0.02746166853613439,0.07398120023224392,22.66025403784439,0.0,0,1,-0.4285967080884241
5*4*4*7*,2017-09-05 18:00:00,0.2357,0.46488502175264146,0.027549960910023923,0.0767835785938417,5.3397459621556145,0.0,1,0,0.938413086120401
5*4*4*8*,2017-03-07 22:00:00,3.7533,0.0,0.10517613619395706,0.07398120023224392,22.59358737117772,0.08333333333333333,1,1,1.55261628103123
5*4*4*8*,2017-05-06 17:00:00,0.2759,-0.9264913542749047,0.10107148511155764,-0.056299421620966426,22.66025403784439,0.0,0,1,-1.4444735804416922
5*4*4*8*,2017-08-07 04:00:00,2.6072,8.449800652410294,0.10382330344375922,0.16132324133375345,9.0,0.0,0,1,0.2258564729961539
5*4*4*9*,2017-07-02 01:00:00,0.1617,0.0,0.00018874265487883656,0.07398120023224392,12.000000000000002,2.5,0,0,-0.47023765151771146
5*4*5*6*,2016-09-05 13:00:00,0.1655,0.0,0.00019322809633311787,0.07398120023224392,5.3397459621556145,0.0,0,0,0.029766385379597374
5*4*5*7*,2016-03-07 05:00:00,0.5932,0.0,0.021899694697956152,0.07398120023224392,22.660254037844386,0.0,1,1,0.6692210223694779
5*4*5*7*,2017-05-07 09:00:00,0.4415,-0.2557316250842885,0.021720631153583924,0.068297767111196,22.66025403784439,0.0,0,1,-0.37305114216571583
5*4*5*8*,2016-08-06 18:00:00,0.0304,0.0,3.375884884011711e-05,0.07398120023224392,9.0,0.0,0,1,-0.17037713694314632
5*4*5*9*,2016-07-03 08:00:00,0.663,0.0,0.24601745052479268,0.07398120023224392,13.485714285714288,0.6428571428571429,1,0,3.2662155588371005
5*4*5*9*,2017-03-05 02:00:00,0.0394,-0.9405731523378582,0.24528136597455852,0.0506180565652335,22.59358737117772,0.08333333333333333,0,0,-1.0353571878269294
5*4*5*9*,2017-04-01 13:00:00,0.0354,-0.10152284263959388,0.24527664445723824,0.07383134042681087,24.0,0.0,0,0,-1.0338063124976204
5*4*6*0*,2017-12-03 23:00:00,25.9922,0.0,0.030678530940355934,0.07398120023224392,8.911111111111108,0.1111111111111111,0,0,0.03498093571699569
5*4*6*1*,2016-09-05 04:00:00,0.0333,0.0,0.2764424244510765,0.07398120023224392,5.3397459621556145,0.0,0,0,-1.2060731126284592
5*4*6*1*,2017-05-02 01:00:00,0.2516,6.5555555555555545,0.2767001012588316,0.08215979911375189,22.66025403784439,0.0,0,0,-1.1007211760502327
5*4*6*1*,2017-09-02 00:00:00,9.3603,36.203100158982515,0.28745182246267686,0.41523820266921896,5.3397459621556145,0.0,1,0,3.891880882840104
5*4*6*2*,2016-10-05 14:00:00,0.6955,0.0,0.18574872121311026,0.07398120023224392,4.0,0.0,0,0,-0.23040948406728284
5*4*6*2*,2017-08-07 05:00:00,0.0058,-0.9916606757728254,0.1849346135891582,0.04814162328045258,9.0,0.0,0,1,-1.5053555697255296
5*4*6*2*,2017-11-03 06:00:00,2.216,381.06896551724145,0.1875434879844878,0.15678623572426825,5.3397459621556145,0.0,1,0,2.749732817995679
5*4*7*5*,2017-03-06 23:00:00,17.7518,0.0,0.02095173310881394,0.07398120023224392,22.59358737117772,0.08333333333333333,0,1,-0.16821762677583657
5*4*7*6*,2016-09-06 15:00:00,0.0299,0.0,0.07772843608316422,0.07398120023224392,5.3397459621556145,0.0,1,1,1.305460668968774
5*4*7*6*,2017-01-07 21:00:00,0.009,-0.6989966555183946,0.07770376615516568,0.0731981827488563,14.0,0.0,0,1,-0.9066999337618367
5*4*8*0*,2016-04-05 12:00:00,0.16,0.0,0.00018673601001771074,0.07398120023224392,24.0,0.0,0,0,0.029760542501913508
5*4*8*1*,2016-10-05 23:00:00,2.0672,0.0,0.002437955468334891,0.07398120023224392,4.0,0.0,0,0,0.03178664001439897
5*4*8*4*,2017-04-07 11:00:00,11.0947,0.0,0.013093829870578149,0.07398120023224392,24.0,0.0,0,1,-0.1586230730235821
5*4*8*5*,2016-11-04 04:00:00,1.3367,0.0,0.001575688367715816,0.07398120023224392,5.29530151771117,0.05555555555555555,0,0,0.019899488512730695
5*4*8*8*,2016-02-04 19:00:00,10.4908,0.0,0.012380998793146447,0.07398120023224392,19.0,0.0,0,0,0.04073537900672937
5*4*9*6*,2017-08-04 09:00:00,2.0868,0.0,0.002461090903204342,0.07398120023224392,9.0,0.0,0,0,0.03180746190578148
5*5*1*0*,2016-07-01 06:00:00,2.4789,0.0,0.023867735828651745,0.07398120023224392,13.485714285714288,0.6428571428571429,1,0,0.7397467373621386
5*5*1*0*,2017-12-03 02:00:00,1.8517,-0.25301545040138773,0.023127401912829318,0.050483182740343774,8.911111111111108,0.1111111111111111,0,0,-0.19845901099942118
5*5*1*1*,2016-07-04 14:00:00,0.2508,0.0,0.13967253146650574,0.07398120023224392,13.485714285714288,0.6428571428571429,0,0,-1.4190114460132843
5*5*1*1*,2016-09-03 13:00:00,13.6152,53.28708133971291,0.15544759298534702,0.5746777961645624,5.3397459621556145,0.0,1,0,2.4155117280072456
5*5*1*2*,2017-09-01 14:00:00,3.4761,0.0,0.09559564956052452,0.07398120023224392,5.3397459621556145,0.0,1,0,1.6646786104924423
5*5*1*2*,2017-09-03 19:00:00,0.782,-0.7750352406432497,0.09241558960737209,-0.026953125222042053,5.3397459621556145,0.0,0,0,-0.876657265237255
5*5*1*4*,2016-03-07 23:00:00,0.0231,0.0,0.14426265573653146,0.07398120023224392,22.660254037844386,0.0,0,1,-1.5367089639218838
5*5*1*4*,2017-07-06 13:00:00,17.9202,774.7662337662339,0.1653880226447993,0.7444951811861437,12.000000000000002,2.5,1,1,1.8427851270324365
5*5*1*6*,2017-11-04 10:00:00,2.2359,0.0,0.002637085461318379,0.07398120023224392,5.3397459621556145,0.0,0,0,0.03196585700808411
5*5*1*9*,2016-03-05 19:00:00,0.0043,0.0,0.2685712464581347,0.07398120023224392,22.660254037844386,0.0,0,0,-1.2275399921197212
5*5*1*9*,2016-10-01 10:00:00,0.7943,183.72093023255815,0.26950374612889316,0.10357851180526863,4.0,0.0,0,0,-1.0029569991129774
5*5*1*9*,2017-05-01 04:00:00,15.9778,19.115573460908976,0.2874260356870721,0.6428302891803717,22.66025403784439,0.0,1,0,3.901603917166542
5*5*2*3*,2017-02-07 06:00:00,5.086,0.0,0.006001284589962358,0.07398120023224392,19.0,0.0,0,1,-0.1650063637761363
5*5*2*4*,2016-02-01 20:00:00,0.0066,0.0,5.665820784355319e-06,0.07398120023224392,19.0,0.0,0,0,0.02959757933160349
5*5*2*5*,2017-07-02 01:00:00,0.5787,0.0,0.0006809608355197048,0.07398120023224392,12.000000000000002,2.5,0,0,-0.4697946551551347
5*5*2*6*,2016-04-06 23:00:00,35.3906,0.0,0.041772208036123644,0.07398120023224392,24.0,0.0,0,1,-0.13281253267459117
5*5*2*8*,2016-08-01 04:00:00,0.3114,0.0,0.15561903115534378,0.07398120023224392,9.0,0.0,0,0,-0.5752989343534182
5*5*2*8*,2017-07-03 22:00:00,0.2617,-0.1596017983301221,0.1555603663026391,0.07211919214973843,12.000000000000002,2.5,0,0,-1.1966041064048487
5*5*2*8*,2017-09-06 08:00:00,1.2828,3.901795949560565,0.15676565163657769,0.11223666206416233,5.3397459621556145,0.0,1,1,2.19638840672183
5*5*2*9*,2016-01-04 07:00:00,0.1883,0.0,0.00022014074505880563,0.07398120023224392,14.0,0.0,0,0,0.029790606763450495
5*5*3*1*,2017-02-04 05:00:00,2.7402,0.0,0.00323235075747471,0.07398120023224392,19.0,0.0,0,0,0.03250159577462481
5*5*3*3*,2016-08-01 10:00:00,2.9005,0.0,0.10616730446756083,0.07398120023224392,9.0,0.0,1,0,1.7908976097544405
5*5*3*3*,2017-02-01 13:00:00,0.4909,-0.8307533183933804,0.10332306243381446,-0.016294346560617328,19.0,0.0,0,0,-0.9792815380745523
5*5*3*4*,2016-10-05 15:00:00,10.8273,0.0,0.15707585426756213,0.07398120023224392,4.0,0.0,1,0,2.267722442816903
5*5*3*4*,2017-01-01 07:00:00,0.0117,-0.9989193981879139,0.1443093435852135,-0.3312247276781437,14.0,0.0,0,0,-1.4993731757277649
5*5*3*5*,2016-02-02 17:00:00,1.822,0.0,0.00214852645660074,0.07398120023224392,19.0,0.0,0,0,0.031526153903838235
5*5*3*8*,2017-08-02 08:00:00,47.5259,0.0,0.056096465320370964,0.07398120023224392,9.0,0.0,0,0,0.08007929888123144
5*5*4*0*,2016-03-02 02:00:00,0.0462,0.0,5.240884225528669e-05,0.07398120023224392,22.660254037844386,0.0,0,0,0.029639648050927326
5*5*4*1*,2016-02-02 20:00:00,12.2541,0.0,0.15848101742222875,0.07398120023224392,19.0,0.0,1,0,2.2660930744490386
5*5*4*1*,2016-06-05 04:00:00,0.0251,-0.997951705959638,0.1440461585947535,-0.38417768992790713,18.866666666666667,0.16666666666666666,0,0,-1.5512305452453532
5*5*4*2*,2016-03-07 00:00:00,0.0287,0.0,3.175220397899127e-05,0.07398120023224392,22.660254037844386,0.0,0,1,-0.17037894292352135
5*5*4*3*,2016-03-04 10:00:00,6.4385,0.0,0.1299576972241906,0.07398120023224392,22.660254037844386,0.0,1,0,2.0157620175214084
5*5*4*3*,2017-05-07 00:00:00,0.5366,-0.9166576065853849,0.1229912164560267,-0.14713319618906573,22.66025403784439,0.0,0,1,-1.4173687935919417
5*5*4*4*,2016-03-03 16:00:00,2.8843,0.0,0.0034024434189383764,0.07398120023224392,22.660254037844386,0.0,0,0,0.03265467916994211
5*5*4*5*,2017-03-06 15:00:00,1.0697,0.0,0.001260527086586051,0.07398120023224392,22.59358737117772,0.08333333333333333,0,1,-0.18593971219584166
5*5*4*6*,2016-05-05 15:00:00,466.9051,0.0,0.695609702115284,0.07398120023224392,22.66025403784439,0.0,1,0,2.754363766288631
5*5*4*6*,2016-06-02 06:00:00,0.1989,-0.9995740033681363,0.14471935041789014,-17.41114388136572,18.866666666666667,0.16666666666666666,0,0,-8.366266024795499
5*5*5*1*,2017-06-04 20:00:00,24.3049,0.0,0.028686876896722033,0.07398120023224392,19.0,0.0,0,0,0.055410669299947396
5*5*5*3*,2017-12-05 13:00:00,1.2017,0.0,0.0014163371581558224,0.07398120023224392,8.911111111111108,0.1111111111111111,0,0,0.008644961313015589
5*5*5*8*,2016-03-05 23:00:00,0.0156,0.0,0.14450715950865797,0.07398120023224392,22.660254037844386,0.0,0,0,-1.3391169121527302
5*5*5*8*,2017-03-04 05:00:00,37.9048,2428.794871794872,0.1892307880216987,1.4934982352355963,22.59358737117772,0.08333333333333333,1,0,2.849806172450521
5*5*5*9*,2016-06-07 17:00:00,7.3762,0.0,0.008704589331697888,0.07398120023224392,18.866666666666667,0.16666666666666666,0,1,-0.1959067228419077
5*5*7*6*,2016-03-07 01:00:00,16.1062,0.0,0.26791970057213366,0.07398120023224392,22.660254037844386,0.0,1,1,3.25260239127914
5*5*7*6*,2017-01-06 18:00:00,1.6184,-0.8995169562032013,0.2508186009138872,-0.468803522055943,14.0,0.0,0,1,-1.2516247220661099
5*5*7*6*,2017-07-02 23:00:00,0.0314,-0.9805981216015818,0.24894533891705972,0.01452432242668665,12.000000000000002,2.5,0,0,-1.7621815926090627
5*5*7*7*,2016-09-03 05:00:00,35.1611,0.0,0.31530355849074987,0.07398120023224392,5.3397459621556145,0.0,1,0,3.7534444611209867
5*5*7*7*,2016-12-02 16:00:00,1.1194,-0.9681636808859791,0.275121439450169,-1.2013894344202063,8.999999999999996,0.0,0,0,-1.5947743452942307
5*5*7*7*,2016-12-04 01:00:00,0.1762,-0.8425942469179918,0.2740081056660431,0.03864425811113389,8.999999999999996,0.0,0,0,-1.2161859130112223
5*5*8*0*,2017-07-05 21:00:00,0.4329,0.0,0.0005088615291949121,0.07398120023224392,12.000000000000002,2.5,0,0,-0.469949544530827
5*5*8*1*,2017-12-01 11:00:00,19.0799,0.0,0.022519394897085248,0.07398120023224392,8.911111111111108,0.1111111111111111,0,0,0.02763771327805207
5*5*8*3*,2016-01-02 01:00:00,0.1391,0.0,0.0001620660820191636,0.07398120023224392,14.0,0.0,0,0,0.029738339566714816
5*5*8*8*,2016-05-04 04:00:00,1.527,0.0,0.0018003145542289025,0.07398120023224392,22.66025403784439,0.0,0,0,0.03121276319170358
5*5*9*0*,2017-04-06 19:00:00,0.1912,0.0,0.00022356384511602032,0.07398120023224392,24.0,0.0,0,1,-0.17020631244649803
5*5*9*2*,2017-07-06 16:00:00,0.0753,0.0,8.675788076044083e-05,0.07398120023224392,12.000000000000002,2.5,0,1,-0.670329437814418
5*5*9*3*,2016-01-03 10:00:00,12.3833,0.0,0.28946233190477216,0.07398120023224392,14.0,0.0,1,0,3.741029125982307
5*5*9*3*,2017-08-02 07:00:00,0.4139,-0.966575953098124,0.27533389955138415,-0.3744517885553031,9.0,0.0,0,0,-1.256554833390759
5*5*9*3*,2018-01-01 05:00:00,0.0104,-0.9748731577675767,0.27485761649169926,0.05886409235918635,14.0,0.0,0,0,-1.2254284278240275
5*5*9*4*,2017-02-05 16:00:00,0.2027,0.0,0.00023713820741187158,0.07398120023224392,19.0,0.0,0,0,0.029805904479568254
5*5*9*5*,2016-08-03 11:00:00,0.5428,0.0,0.0006385852175700473,0.07398120023224392,9.0,0.0,0,0,0.030167206788710613
5*5*9*6*,2016-01-01 12:00:00,0.259,0.0,0.26428204799209387,0.07398120023224392,14.0,0.0,0,0,-1.1713352970184452
5*5*9*6*,2016-12-06 23:00:00,17.9307,68.23050193050193,0.285141357399363,0.736050581149992,8.999999999999996,0.0,1,1,3.689226607829819
5*5*9*6*,2017-07-06 10:00:00,0.8487,-0.9526677709180345,0.2649781176830385,-0.5659950988695388,12.000000000000002,2.5,0,1,-1.9873152670392495
5*5*9*7*,2017-02-04 11:00:00,0.0029,0.0,1.2984172630814272e-06,0.07398120023224392,19.0,0.0,0,0,0.029593648668434343
5*5*9*8*,2016-03-04 16:00:00,0.0281,0.0,3.104397638094686e-05,0.07398120023224392,22.660254037844386,0.0,0,0,0.029620419671640422
5*5*9*9*,2017-05-03 08:00:00,174.5161,0.0,0.319523617059319,0.07398120023224392,22.66025403784439,0.0,1,0,2.094786246471599
5*5*9*9*,2017-08-01 18:00:00,21.0112,-0.8796030853313821,0.13832960603423883,-5.6770724115221896,9.0,0.0,0,0,-3.323954830203375
5*6*0*0*,2017-01-06 16:00:00,1.0367,0.0,0.0012215745686936083,0.07398120023224392,14.0,0.0,0,1,-0.1693081027952782
5*6*0*1*,2016-04-04 08:00:00,19.8277,0.0,0.02340208256011461,0.07398120023224392,24.0,0.0,0,0,0.050654354397000716
5*6*0*6*,2017-01-05 01:00:00,16.8639,0.0,0.019903674301641215,0.07398120023224392,14.0,0.0,0,0,0.047505786964374665
5*6*0*7*,2016-12-01 07:00:00,0.1699,0.0,0.00019842176538544359,0.07398120023224392,8.999999999999996,0.0,0,0,0.02977105968174447
5*6*0*9*,2016-12-04 10:00:00,10.8413,0.0,0.11892597932176607,0.07398120023224392,8.999999999999996,0.0,1,0,1.837497512821951
5*6*0*9*,2017-11-02 00:00:00,1.4832,-0.8631898388569637,0.10787987151300035,-0.276619561073481,5.3397459621556145,0.0,0,0,-1.157730270335585
5*6*0*9*,2017-11-04 21:00:00,6.433,3.337243797195253,0.11372251312100075,0.259425216465355,5.3397459621556145,0.0,0,0,0.24942302732347119
5*6*1*2*,2016-04-03 12:00:00,0.0756,0.0,8.711199455946304e-05,0.07398120023224392,24.0,0.0,0,0,0.029670880888001086
5*6*1*4*,2016-06-07 21:00:00,2.1225,0.0,0.13965260245220099,0.07398120023224392,18.866666666666667,0.16666666666666666,1,1,1.944560892050953
5*6*1*4*,2017-09-01 12:00:00,0.0562,-0.9735217903415784,0.13721358464246902,-0.003432628759326958,5.3397459621556145,0.0,0,0,-1.3004952284099167
5*6*1*5*,2016-04-02 19:00:00,0.6092,0.0,0.0007169624050869626,0.07398120023224392,24.0,0.0,0,0,0.030237746257475835
5*6*1*6*,2016-06-05 15:00:00,35.7384,0.0,0.04218274396712339,0.07398120023224392,18.866666666666667,0.16666666666666666,0,0,0.03422361632997529
5*6*2*8*,2016-11-06 08:00:00,0.3597,0.0,0.0004224577622334935,0.07398120023224392,5.29530151771117,0.05555555555555555,0,1,-0.1811384190322034
5*6*3*0*,2016-08-04 03:00:00,5.8205,0.0,0.006868273207901728,0.07398120023224392,9.0,0.0,0,0,0.03577392598000913
5*6*3*2*,2017-06-04 09:00:00,4.1698,0.0,0.004919821047748536,0.07398120023224392,19.0,0.0,0,0,0.03402031903587125
5*6*3*3*,2016-10-01 11:00:00,3.5656,0.0,0.00420663585651781,0.07398120023224392,4.0,0.0,0,0,0.0333784523637636
5*6*3*8*,2016-07-02 23:00:00,0.189,0.0,0.00022096701058985747,0.07398120023224392,13.485714285714288,0.6428571428571429,0,0,-0.09878007816900014
5*6*5*1*,2016-03-02 09:00:00,2.1548,0.0,0.002541356697649375,0.07398120023224392,22.660254037844386,0.0,0,0,0.031879701120782006
5*6*5*7*,2017-05-07 00:00:00,0.0034,0.0,0.011478860972665095,0.07398120023224392,22.66025403784439,0.0,1,1,0.5589710740159151
5*6*5*7*,2017-07-04 23:00:00,0.0029,-0.1470588235294118,0.011478270783000058,0.07396246775656479,12.000000000000002,2.5,0,0,-0.5791321882402932
5*6*5*8*,2016-05-07 01:00:00,1.003,0.0,0.21629891833657203,0.07398120023224392,22.66025403784439,0.0,0,1,-1.2386973716143657
5*6*5*8*,2016-07-04 20:00:00,15.7886,14.741375872382854,0.23375153495931453,0.6279229850349204,13.485714285714288,0.6428571428571429,1,0,3.1643275422107915
5*6*5*8*,2017-10-03 12:00:00,2.2494,-0.8575301166664555,0.2177701431335763,-0.43326426919749833,4.0,0.0,0,0,-0.9457070959534709
5*6*5*9*,2016-03-07 12:00:00,0.1558,0.0,0.13283260004293052,0.07398120023224392,22.660254037844386,0.0,0,1,-1.4268103017400646
5*6*5*9*,2017-10-04 06:00:00,3.6121,22.18421052631579,0.13691234512146538,0.203471311611795,4.0,0.0,1,0,2.1805617571256364
5*6*6*1*,2016-10-02 07:00:00,0.05,0.0,5.689428370956799e-05,0.07398120023224392,4.0,0.0,0,0,0.02964368494823618
5*6*6*4*,2016-04-07 13:00:00,0.2615,0.0,0.0003065445120202242,0.07398120023224392,24.0,0.0,0,1,-0.17013162984628424
5*6*6*5*,2016-05-01 21:00:00,0.9262,0.0,0.06037479783915889,0.07398120023224392,22.66025403784439,0.0,1,0,1.2988635780233118
5*6*6*5*,2017-05-01 09:00:00,0.3876,-0.5815158713020946,0.05973904553198102,0.05380257743068553,22.66025403784439,0.0,0,0,-0.5396476079241141
5*6*6*7*,2017-10-07 18:00:00,49.2019,0.0,0.05807478107757503,0.07398120023224392,4.0,0.0,0,1,-0.11814021693728491
5*6*7*3*,2018-01-05 04:00:00,1.4503,0.0,0.0017097794596122248,0.07398120023224392,14.0,0.0,0,0,0.031131281606548572
5*6*7*4*,2017-11-04 15:00:00,1.9376,0.0,0.002284978307157297,0.07398120023224392,5.3397459621556145,0.0,0,0,0.031648960569339135
5*6*7*6*,2016-08-01 08:00:00,16.4187,0.0,0.01937816942389226,0.07398120023224392,9.0,0.0,0,0,0.04703283257440061
5*6*7*7*,2016-12-04 02:00:00,0.6463,0.0,0.0949076972125326,0.07398120023224392,8.999999999999996,0.0,1,0,1.691570909691726
5*6*7*7*,2017-02-03 23:00:00,0.1366,-0.78864304502553,0.09430605786799387,0.05488531452493922,19.0,0.0,0,0,-0.8697319242163786
5*6*7*8*,2017-12-07 10:00:00,3.2295,0.0,0.00380991036367993,0.07398120023224392,8.911111111111108,0.1111111111111111,0,1,-0.18920082280201272
5*6*8*0*,2016-04-01 03:00:00,0.0077,0.0,6.964238047436747e-06,0.07398120023224392,24.0,0.0,0,0,0.02959874790714026
5*6*8*2*,2017-10-03 10:00:00,0.7074,0.0,0.0008328756553002319,0.07398120023224392,4.0,0.0,0,0,0.030342068182667777
5*6*8*3*,2017-01-01 10:00:00,2.1861,0.0,0.0025783025706806926,0.07398120023224392,14.0,0.0,0,0,0.031912952406510195
5*6*8*9*,2018-01-01 09:00:00,0.0452,0.0,5.122846292521267e-05,0.07398120023224392,14.0,0.0,0,0,0.02963858570953026
5*6*9*3*,2016-11-03 13:00:00,0.1604,0.0,0.00018720816174974032,0.07398120023224392,5.29530151771117,0.05555555555555555,0,0,0.018649856327361224
5*6*9*5*,2017-02-05 03:00:00,0.1512,0.0,0.12326022500059003,0.07398120023224392,19.0,0.0,0,0,-1.1361900291958895
5*6*9*5*,2017-10-01 23:00:00,1.8803,11.435846560846562,0.12530121890022103,0.13876184762580981,4.0,0.0,1,0,2.0449925478498407
5*6*9*7*,2017-06-07 15:00:00,0.0299,0.0,3.316865917508009e-05,0.07398120023224392,19.0,0.0,0,1,-0.17037766811384486
5*6*9*8*,2017-07-05 05:00:00,0.3007,0.0,0.00035281538175912597,0.07398120023224392,12.000000000000002,2.5,0,0,-0.4700899860635192
5*6*9*9*,2017-08-06 06:00:00,0.1082,0.0,0.00012559236071987625,0.07398120023224392,9.0,0.0,0,1,-0.17029448678245457
5*7*0*0*,2016-11-03 06:00:00,14.4221,0.0,0.09117808598529088,0.07398120023224392,5.29530151771117,0.05555555555555555,1,0,1.469749217683983
5*7*0*0*,2017-09-01 03:00:00,4.6446,-0.6779525866552027,0.07963692708549211,-0.29233236167313487,5.3397459621556145,0.0,0,0,-0.8144672816077458
5*7*0*2*,2016-08-07 17:00:00,0.7957,0.0,0.0009371031501457682,0.07398120023224392,9.0,0.0,0,1,-0.16956412707197124
5*7*0*3*,2017-09-06 19:00:00,0.1534,0.0,0.00017894550643922217,0.07398120023224392,5.3397459621556145,0.0,0,1,-0.17024646895130713
5*7*0*9*,2016-11-07 14:00:00,1.9433,0.0,0.06621904708302581,0.07398120023224392,5.29530151771117,0.05555555555555555,0,1,-0.8412010172570068
5*7*0*9*,2017-03-02 15:00:00,5.3842,1.7706478670303092,0.07028061431987752,0.2028943513608778,22.59358737117772,0.08333333333333333,1,0,1.3908451355594318
5*7*0*9*,2017-10-05 08:00:00,3.8735,-0.2805802161881059,0.06849741526593468,0.017382898215321824,4.0,0.0,0,0,0.12477885284512887
5*7*2*0*,2017-05-01 09:00:00,0.6823,0.0,0.000803248134115374,0.07398120023224392,22.66025403784439,0.0,0,0,0.030315403413601404
5*7*2*5*,2016-11-06 11:00:00,0.0141,0.0,1.4518665759910506e-05,0.07398120023224392,5.29530151771117,0.05555555555555555,0,1,-0.18150556421902964
5*7*2*7*,2016-08-04 22:00:00,192.8197,0.0,0.33533727440883243,0.07398120023224392,9.0,0.0,1,0,2.048944480018795
5*7*2*7*,2017-01-04 07:00:00,28.173,-0.853889410677436,0.1409917129639335,-6.0944994065656415,14.0,0.0,0,0,-3.428455673916665
5*7*2*8*,2016-08-06 20:00:00,52.6473,0.0,0.06214166002141207,0.07398120023224392,9.0,0.0,0,1,-0.11448002588783157
5*7*2*9*,2017-11-05 00:00:00,0.3759,0.0,0.0004415799073806926,0.07398120023224392,5.3397459621556145,0.0,0,0,0.029989902009540194
5*7*3*2*,2016-04-01 16:00:00,4.0198,0.0,0.004742764148237431,0.07398120023224392,24.0,0.0,0,0,0.033860967826311254
5*7*4*1*,2016-01-01 18:00:00,56.3379,0.0,0.2110051829930479,0.07398120023224392,14.0,0.0,1,0,2.31843252030631
5*7*4*1*,2016-07-05 07:00:00,0.02,-0.9996449991923732,0.144528697919872,-2.0359661838670586,13.485714285714288,0.6428571428571429,0,0,-2.3118174495100368
5*7*4*2*,2016-03-06 15:00:00,0.1213,0.0,0.00014105532994384596,0.07398120023224392,22.660254037844386,0.0,0,1,-0.170280570110153
5*7*4*5*,2016-12-04 19:00:00,0.7018,0.0,0.0008262655310518173,0.07398120023224392,8.999999999999996,0.0,0,0,0.030336119070844204
5*7*4*6*,2017-04-05 11:00:00,4.6126,0.0,0.0054424930151053125,0.07398120023224392,24.0,0.0,0,0,0.03449072380649235
5*7*6*0*,2017-12-01 11:00:00,66.2039,0.0,0.0781435904474936,0.07398120023224392,8.911111111111108,0.1111111111111111,0,0,0.07769948927341958
5*7*6*2*,2018-01-04 06:00:00,0.2612,0.0,0.00030619039822120197,0.07398120023224392,14.0,0.0,0,0,0.029868051451296652
5*7*6*6*,2017-12-01 01:00:00,41.5116,0.0,0.04899730991550675,0.07398120023224392,8.911111111111108,0.1111111111111111,0,0,0.051467836794631426
5*7*7*0*,2017-03-01 18:00:00,0.0738,0.0,8.49873117653298e-05,0.07398120023224392,22.59358737117772,0.08333333333333333,0,0,0.013002302006819698
5*7*7*3*,2016-11-01 08:00:00,0.1517,0.0,0.14356911643929826,0.07398120023224392,5.29530151771117,0.05555555555555555,0,0,-1.3396758113441973
5*7*7*3*,2017-01-05 18:00:00,35.8798,235.51812788398155,0.18574182718211601,1.4125327288552625,14.0,0.0,1,0,2.819550121127362
5*7*7*6*,2016-05-04 18:00:00,0.3623,0.0,0.05300630897985511,0.07398120023224392,22.66025403784439,0.0,0,0,-0.46810848155823825
5*7*7*6*,2017-01-05 19:00:00,0.7763,1.1426994203698593,0.053494986022505756,0.0894916900945632,14.0,0.0,1,0,1.2293488031910857
5*7*8*0*,2017-06-04 10:00:00,1.0488,0.0,0.11570836369763729,0.07398120023224392,19.0,0.0,1,0,1.9211232428153733
5*7*8*0*,2017-09-05 21:00:00,0.122,-0.8836765827612509,0.1146143881345247,0.039258683313409336,5.3397459621556145,0.0,0,0,-1.0685368127481658
5*7*8*1*,2016-06-06 21:00:00,1.5668,0.0,0.0018472936515658489,0.07398120023224392,18.866666666666667,0.16666666666666666,0,1,-0.20207828895402652
5*7*8*7*,2016-08-06 08:00:00,3.1522,0.0,0.003718667041465208,0.07398120023224392,9.0,0.0,0,1,-0.16706071956978374
5*7*8*9*,2017-07-05 01:00:00,42.3413,0.0,0.049976670645669165,0.07398120023224392,12.000000000000002,2.5,0,0,-0.4254285163260002
5*7*9*5*,2017-09-03 08:00:00,4.0461,0.0,0.004773808124618378,0.07398120023224392,5.3397459621556145,0.0,0,0,0.03388890740505411
5*7*9*6*,2016-06-01 19:00:00,0.3847,0.0,0.000451967245485344,0.07398120023224392,18.866666666666667,0.16666666666666666,0,0,-0.0033340827194989556
5*7*9*7*,2016-09-03 05:00:00,0.2131,0.0,0.1357813464637735,0.07398120023224392,5.3397459621556145,0.0,0,0,-1.2540414341557222
5*7*9*7*,2016-12-01 13:00:00,6.5762,29.859690286250586,0.1432922181789675,0.3123744322199827,8.999999999999996,0.0,1,0,2.2597498953150796
5*8*0*1*,2017-08-01 08:00:00,0.3939,0.0,0.00046282673532202506,0.07398120023224392,9.0,0.0,0,0,0.03000902415468739
5*8*1*1*,2017-03-03 10:00:00,0.1511,0.0,0.00017623063398005193,0.07398120023224392,22.59358737117772,0.08333333333333333,0,0,0.013084420996812948
5*8*1*4*,2017-05-03 07:00:00,0.007,0.0,0.14459470233868257,0.07398120023224392,22.66025403784439,0.0,0,0,-1.3400514787579498
5*8*1*4*,2017-10-05 14:00:00,95.0978,13584.400000000001,0.25683791713888565,3.636553396850193,4.0,0.0,1,0,3.785554675120736
5*8*1*5*,2016-03-02 22:00:00,15.2056,0.0,0.01794625125857946,0.07398120023224392,22.660254037844386,0.0,0,0,0.045744106225619086
5*8*2*0*,2017-11-04 16:00:00,0.1661,0.0,0.00019393632393116227,0.07398120023224392,5.3397459621556145,0.0,0,0,0.029767022784435614
5*8*2*1*,2016-08-01 06:00:00,0.8838,0.0,0.12351022847978321,0.07398120023224392,9.0,0.0,0,0,-1.1295884644714882
5*8*2*1*,2017-01-03 05:00:00,10.6611,11.062797012898844,0.13505115130371598,0.44028726914735095,14.0,0.0,1,0,2.168001094028475
5*8*2*2*,2017-03-07 23:00:00,3.2169,0.0,0.003795037584120997,0.07398120023224392,22.59358737117772,0.08333333333333333,0,1,-0.1836586527480602
5*8*2*8*,2016-06-05 08:00:00,0.0245,0.0,0.14378100815277034,0.07398120023224392,18.866666666666667,0.16666666666666666,0,0,-1.3654626349651786
5*8*2*8*,2016-07-05 03:00:00,8.2569,336.0163265306122,0.15349836294967173,0.38240766579397645,13.485714285714288,0.6428571428571429,1,0,2.253664853463103
5*8*3*1*,2017-12-01 19:00:00,0.1211,0.0,0.00014081925407783116,0.07398120023224392,8.911111111111108,0.1111111111111111,0,0,0.007496995199345397
5*8*3*3*,2017-06-04 04:00:00,2.5277,0.0,0.002981520149833979,0.07398120023224392,19.0,0.0,0,0,0.03227584822774815
5*8*4*7*,2016-01-05 06:00:00,64.8126,0.0,0.20562261495749234,0.07398120023224392,14.0,0.0,1,0,2.1539940124991195
5*8*4*7*,2017-11-01 10:00:00,3.6673,-0.9434168664734943,0.1334479667063171,-2.216824490053919,5.3397459621556145,0.0,0,0,-2.105967804930361
5*8*4*8*,2017-02-07 10:00:00,3.9645,0.0,0.004677489171284339,0.07398120023224392,19.0,0.0,0,1,-0.16619777965294652
5*8*5*2*,2016-12-03 05:00:00,0.4098,0.0,0.00048159476667020205,0.07398120023224392,8.999999999999996,0.0,0,0,0.03002591538290075
5*8*5*6*,2016-02-06 16:00:00,10.7958,0.0,0.012741014488819024,0.07398120023224392,19.0,0.0,0,1,-0.15894060686716532
5*8*6*0*,2016-01-01 06:00:00,0.1407,0.0,0.00016395468894728205,0.07398120023224392,14.0,0.0,0,0,0.029740039312950124
5*8*6*9*,2017-07-01 15:00:00,0.6234,0.0,0.0007337237915740137,0.07398120023224392,12.000000000000002,2.5,0,0,-0.46974716849468584
5*8*8*0*,2018-01-06 23:00:00,0.7956,0.0,0.0009369851122127609,0.07398120023224392,14.0,0.0,0,1,-0.16956423330611095
5*8*8*5*,2016-07-07 23:00:00,27.2882,0.0,0.17376232245444864,0.07398120023224392,13.485714285714288,0.6428571428571429,1,1,1.9257098002171802
5*8*8*5*,2018-01-02 00:00:00,0.2914,-0.9893213916637961,0.14189585775630623,-0.9374525985964065,14.0,0.0,0,0,-1.7155774259445946
5*8*8*9*,2016-04-06 20:00:00,0.0686,0.0,0.12673839655321953,0.07398120023224392,24.0,0.0,0,1,-1.3701491694689898
5*8*8*9*,2016-11-01 12:00:00,1.0367,14.112244897959185,0.12788112178266417,0.1102510196421746,5.29530151771117,0.05555555555555555,1,0,2.0618885128099413
5*9*1*3*,2016-01-03 14:00:00,0.0235,0.0,2.561423146260634e-05,0.07398120023224392,14.0,0.0,0,0,0.029615532901213916
5*9*1*5*,2017-04-05 05:00:00,0.1926,0.0,0.00022521637617812392,0.07398120023224392,24.0,0.0,0,0,0.02979517483145788
5*9*2*2*,2016-09-05 12:00:00,17.1872,0.0,0.020285290939054148,0.07398120023224392,5.3397459621556145,0.0,0,0,0.0478492419380463
5*9*3*5*,2016-11-05 17:00:00,0.7447,0.0,0.000876903804311993,0.07398120023224392,5.29530151771117,0.05555555555555555,0,0,0.019270582405667255
5*9*4*7*,2016-01-03 22:00:00,0.9502,0.0,0.0011194717566422052,0.07398120023224392,14.0,0.0,0,0,0.030600004673875553
5*9*4*9*,2016-06-01 22:00:00,8.5972,0.0,0.15697755984320497,0.07398120023224392,18.866666666666667,0.16666666666666666,0,0,0.10342608222750915
5*9*4*9*,2016-12-04 17:00:00,17.7297,1.0622644581956915,0.167757374075106,0.41612986851154554,8.999999999999996,0.0,1,0,2.440480515316009
5*9*4*9*,2018-01-03 08:00:00,0.0649,-0.9963394755692425,0.14690620928521436,-0.5878296725211322,14.0,0.0,0,0,-1.5918503435046159
5*9*5*1*,2016-11-03 12:00:00,8.9674,0.0,0.13929692176081868,0.07398120023224392,5.29530151771117,0.05555555555555555,0,0,-1.191269077334433
5*9*5*1*,2017-06-01 06:00:00,154.1926,16.19479447777505,0.3107177460466849,5.5148362542257,19.0,0.0,1,0,4.420698149033252
5*9*5*3*,2016-05-05 13:00:00,2.9753,0.0,0.01718708685432436,0.07398120023224392,22.66025403784439,0.0,0,0,-0.09680944392012845
5*9*5*3*,2017-02-04 23:00:00,3.5969,0.20892010889658197,0.017920810645898372,0.09726941399653781,19.0,0.0,1,0,0.7969067973618413
5*9*5*4*,2016-01-06 16:00:00,1.0835,0.0,0.0012768163213410725,0.07398120023224392,14.0,0.0,0,1,-0.1692583852178955
5*9*5*5*,2016-02-03 08:00:00,16.6518,0.0,0.16366518728840287,0.07398120023224392,19.0,0.0,1,0,2.2706884554250815
5*9*5*5*,2017-04-05 05:00:00,0.0345,-0.9979281519115051,0.14405046984676378,-0.5485851359733558,24.0,0.0,0,0,-1.583585938299877
5*9*6*8*,2016-10-01 06:00:00,1.1118,0.0,0.0013102210563821675,0.07398120023224392,4.0,0.0,0,0,0.03077167904364152
5*9*7*1*,2016-02-06 00:00:00,79.9825,0.0,0.09440756508485156,0.07398120023224392,19.0,0.0,0,1,-0.08544071133073604
5*9*7*3*,2016-10-03 18:00:00,0.0197,0.0,2.1128790008325042e-05,0.07398120023224392,4.0,0.0,0,0,0.02961149600390506
5*9*7*4*,2016-03-05 06:00:00,1.9638,0.0,0.002315904245605237,0.07398120023224392,22.660254037844386,0.0,0,0,0.031676793913942285
5*9*9*2*,2017-03-01 20:00:00,47.0573,0.0,0.05554333956629826,0.07398120023224392,22.59358737117772,0.08333333333333333,0,0,0.06291481903589935
5*9*9*3*,2016-01-03 04:00:00,7.0909,0.0,0.10766316378986192,0.07398120023224392,14.0,0.0,1,0,1.7564537674024447
5*9*9*3*,2018-01-03 11:00:00,1.3174,-0.8142125823238235,0.10084824372767953,-0.14232269643466527,14.0,0.0,0,0,-0.9961300991176261
